0,-2.40933816108e-19
1,-2.40692882292e-19
2,-2.4153018694e-19
3,-2.4153018694e-19
4,-2.41288130543e-19
5,-2.40817982542e-19
6,-2.42411240452e-19
7,-2.42411240452e-19
8,-2.42411240452e-19
9,-2.42411240452e-19
10,-2.42411240452e-19
11,-2.41158987899e-19
12,-2.41937707008e-19
13,-2.41937707008e-19
14,-2.41937707008e-19
15,-2.41937707008e-19
16,-2.41937707008e-19
17,-2.41937707008e-19
18,-2.41937707008e-19
19,-2.41707456802e-19
20,-2.41707456802e-19
21,-2.41707456802e-19
22,-2.41707456802e-19
23,-2.41707456802e-19
24,-2.41707456802e-19
25,-2.41707456802e-19
26,-2.41707456802e-19
27,-2.41707456802e-19
28,-2.41707456802e-19
29,-2.41707456802e-19
30,-2.41707456802e-19
31,-2.41707456802e-19
32,-2.41707456802e-19
33,-2.41707456802e-19
34,-2.41707456802e-19
35,-2.41707456802e-19
36,-2.41707456802e-19
37,-2.41707456802e-19
38,-2.41707456802e-19
39,-2.41707456802e-19
40,-2.41707456802e-19
41,-2.41707456802e-19
42,-2.41707456802e-19
43,-2.41707456802e-19
44,-2.41707456802e-19
45,-2.41707456802e-19
46,-2.41707456802e-19
47,-2.41707456802e-19
48,-2.41707456802e-19
49,-2.41707456802e-19
50,-2.41707456802e-19
51,-2.41707456802e-19
52,-2.41707456802e-19
53,-2.41707456802e-19
54,-2.41707456802e-19
55,-2.41707456802e-19
56,-2.41707456802e-19
57,-2.41707456802e-19
58,-2.41707456802e-19
59,-2.41707456802e-19
60,-2.41707456802e-19
61,-2.41707456802e-19
62,-2.41707456802e-19
63,-2.41707456802e-19
64,-2.41707456802e-19
65,-2.41707456802e-19
66,-2.41707456802e-19
67,-2.41707456802e-19
68,-2.41707456802e-19
69,-2.41707456802e-19
70,-2.41707456802e-19
71,-2.41707456802e-19
72,-2.41707456802e-19
73,-2.41707456802e-19
74,-2.41707456802e-19
75,-2.41707456802e-19
76,-2.41707456802e-19
77,-2.41707456802e-19
78,-2.41707456802e-19
79,-2.41707456802e-19
80,-2.41707456802e-19
81,-2.41707456802e-19
82,-2.41707456802e-19
83,-2.41707456802e-19
84,-2.41707456802e-19
85,-2.41707456802e-19
86,-2.41707456802e-19
87,-2.41707456802e-19
88,-2.41707456802e-19
89,-2.41707456802e-19
90,-2.41707456802e-19
91,-2.41707456802e-19
92,-2.41707456802e-19
93,-2.41707456802e-19
94,-2.41707456802e-19
95,-2.41707456802e-19
96,-2.41707456802e-19
97,-2.41707456802e-19
98,-2.41707456802e-19
99,-2.41707456802e-19
100,-2.41707456802e-19
101,-2.41707456802e-19
102,-2.41707456802e-19
103,-2.41707456802e-19
104,-2.41707456802e-19
105,-2.41707456802e-19
106,-2.41707456802e-19
107,-2.41707456802e-19
108,-2.41707456802e-19
109,-2.41707456802e-19
110,-2.41707456802e-19
111,-2.41707456802e-19
112,-2.41707456802e-19
113,-2.41707456802e-19
114,-2.41707456802e-19
115,-2.41707456802e-19
116,-2.41707456802e-19
117,-2.41707456802e-19
118,-2.41707456802e-19
119,-2.41707456802e-19
120,-2.41707456802e-19
121,-2.41707456802e-19
122,-2.41707456802e-19
123,-2.39929925207e-19
124,-2.39929925207e-19
125,-2.39929925207e-19
126,-2.39929925207e-19
127,-2.39929925207e-19
128,-2.39929925207e-19
129,-2.39929925207e-19
130,-2.39929925207e-19
131,-2.39929925207e-19
132,-2.39929925207e-19
133,-2.39929925207e-19
134,-2.39929925207e-19
135,-2.39929925207e-19
136,-2.39929925207e-19
137,-2.39929925207e-19
138,-2.39929925207e-19
139,-2.38119168723e-19
140,-2.38119168723e-19
141,-2.38119168723e-19
142,-2.38119168723e-19
143,-2.38319911499e-19
144,-2.38319911499e-19
145,-2.38319911499e-19
146,-2.38319911499e-19
147,-2.38319911499e-19
148,-2.38319911499e-19
149,-2.38319911499e-19
150,-2.38319911499e-19
151,-2.38319911499e-19
152,-2.38319911499e-19
153,-2.38319911499e-19
154,-2.38319911499e-19
155,-2.38319911499e-19
156,-2.38319911499e-19
157,-2.38319911499e-19
158,-2.38319911499e-19
159,-2.38319911499e-19
160,-2.38319911499e-19
161,-2.38319911499e-19
162,-2.38319911499e-19
163,-2.38524477947e-19
164,-2.38524477947e-19
165,-2.38524477947e-19
166,-2.38524477947e-19
167,-2.38732978365e-19
168,-2.38732978365e-19
169,-2.38732978365e-19
170,-2.38732978365e-19
171,-2.38732978365e-19
172,-2.38732978365e-19
173,-2.38732978365e-19
174,-2.38732978365e-19
175,-2.38732978365e-19
176,-2.38732978365e-19
177,-2.38732978365e-19
178,-2.38732978365e-19
179,-2.38732978365e-19
180,-2.38732978365e-19
181,-2.38732978365e-19
182,-2.38732978365e-19
183,-2.38732978365e-19
184,-2.38732978365e-19
185,-2.38732978365e-19
186,-2.38732978365e-19
187,-2.38732978365e-19
188,-2.38732978365e-19
189,-2.38732978365e-19
190,-2.38732978365e-19
191,-2.38732978365e-19
192,-2.38732978365e-19
193,-2.38732978365e-19
194,-2.38732978365e-19
195,-2.38732978365e-19
196,-2.38732978365e-19
197,-2.38732978365e-19
198,-2.38732978365e-19
199,-2.38732978365e-19
200,-2.38732978365e-19
201,-2.38732978365e-19
202,-2.38732978365e-19
203,-2.38732978365e-19
204,-2.38732978365e-19
205,-2.38732978365e-19
206,-2.38732978365e-19
207,-2.38732978365e-19
208,-2.38732978365e-19
209,-2.38732978365e-19
210,-2.38732978365e-19
211,-2.38732978365e-19
212,-2.38732978365e-19
213,-2.38732978365e-19
214,-2.38732978365e-19
215,-2.38732978365e-19
216,-2.38732978365e-19
217,-2.38945527334e-19
218,-2.38945527334e-19
219,-2.38945527334e-19
220,-2.38945527334e-19
221,-2.38945527334e-19
222,-2.38945527334e-19
223,-2.38945527334e-19
224,-2.38945527334e-19
225,-2.38945527334e-19
226,-2.38945527334e-19
227,-2.38945527334e-19
228,-2.38945527334e-19
229,-2.38945527334e-19
230,-2.38945527334e-19
231,-2.38945527334e-19
232,-2.38945527334e-19
233,-2.38945527334e-19
234,-2.38945527334e-19
235,-2.38945527334e-19
236,-2.38945527334e-19
237,-2.38945527334e-19
238,-2.38945527334e-19
239,-2.38945527334e-19
240,-2.38945527334e-19
241,-2.38945527334e-19
242,-2.38945527334e-19
243,-2.38945527334e-19
244,-2.38945527334e-19
245,-2.38945527334e-19
246,-2.38945527334e-19
247,-2.38945527334e-19
248,-2.38945527334e-19
249,-2.38945527334e-19
250,-2.38945527334e-19
251,-2.38945527334e-19
252,-2.38945527334e-19
253,-2.38945527334e-19
254,-2.38945527334e-19
255,-2.38945527334e-19
256,-2.38945527334e-19
257,-2.38945527334e-19
258,-2.38945527334e-19
259,-2.38945527334e-19
260,-2.39162243931e-19
261,-2.39162243931e-19
262,-2.39162243931e-19
263,-2.39162243931e-19
264,-2.39162243931e-19
265,-2.39162243931e-19
266,-2.39162243931e-19
267,-2.3723631695e-19
268,-2.3723631695e-19
269,-2.36356073602e-19
270,-2.36356073602e-19
271,-2.36356073602e-19
272,-2.36356073602e-19
273,-2.36356073602e-19
274,-2.36356073602e-19
275,-2.36356073602e-19
276,-2.36356073602e-19
277,-2.36356073602e-19
278,-2.36356073602e-19
279,-2.36356073602e-19
280,-2.36356073602e-19
281,-2.36356073602e-19
282,-2.36356073602e-19
283,-2.3545804756e-19
284,-2.3545804756e-19
285,-2.3545804756e-19
286,-2.3545804756e-19
287,-2.3545804756e-19
288,-2.3545804756e-19
289,-2.3545804756e-19
290,-2.3545804756e-19
291,-2.3545804756e-19
292,-2.3545804756e-19
293,-2.3545804756e-19
294,-2.3545804756e-19
295,-2.3545804756e-19
296,-2.3545804756e-19
297,-2.3545804756e-19
298,-2.3545804756e-19
299,-2.3545804756e-19
300,-2.3545804756e-19
301,-2.3545804756e-19
302,-2.3545804756e-19
303,-2.3545804756e-19
304,-2.3545804756e-19
305,-2.3545804756e-19
306,-2.3545804756e-19
307,-2.3545804756e-19
308,-2.3545804756e-19
309,-2.3545804756e-19
310,-2.3545804756e-19
311,-2.3545804756e-19
312,-2.3545804756e-19
313,-2.3545804756e-19
314,-2.3545804756e-19
315,-2.3545804756e-19
316,-2.3545804756e-19
317,-2.3545804756e-19
318,-2.3545804756e-19
319,-2.3545804756e-19
320,-2.3545804756e-19
321,-2.3545804756e-19
322,-2.3545804756e-19
323,-2.3545804756e-19
324,-2.3545804756e-19
325,-2.3545804756e-19
326,-2.3545804756e-19
327,-2.3545804756e-19
328,-2.3545804756e-19
329,-2.3545804756e-19
330,-2.35648023203e-19
331,-2.35648023203e-19
332,-2.35648023203e-19
333,-2.35648023203e-19
334,-2.35648023203e-19
335,-2.35648023203e-19
336,-2.35648023203e-19
337,-2.35648023203e-19
338,-2.35648023203e-19
339,-2.35648023203e-19
340,-2.35648023203e-19
341,-2.34724181672e-19
342,-2.34724181672e-19
343,-2.34724181672e-19
344,-2.34724181672e-19
345,-2.34724181672e-19
346,-2.34724181672e-19
347,-2.34724181672e-19
348,-2.34724181672e-19
349,-2.34724181672e-19
350,-2.34724181672e-19
351,-2.34724181672e-19
352,-2.34724181672e-19
353,-2.34724181672e-19
354,-2.34724181672e-19
355,-2.34724181672e-19
356,-2.34724181672e-19
357,-2.34724181672e-19
358,-2.34724181672e-19
359,-2.35648023203e-19
360,-2.35648023203e-19
361,-2.35648023203e-19
362,-2.35648023203e-19
363,-2.35648023203e-19
364,-2.35648023203e-19
365,-2.35648023203e-19
366,-2.35648023203e-19
367,-2.35648023203e-19
368,-2.35648023203e-19
369,-2.35648023203e-19
370,-2.3545804756e-19
371,-2.3545804756e-19
372,-2.3545804756e-19
373,-2.3545804756e-19
374,-2.3545804756e-19
375,-2.3545804756e-19
376,-2.3545804756e-19
377,-2.3545804756e-19
378,-2.3545804756e-19
379,-2.3545804756e-19
380,-2.3545804756e-19
381,-2.3545804756e-19
382,-2.3545804756e-19
383,-2.3545804756e-19
384,-2.3545804756e-19
385,-2.3545804756e-19
386,-2.3545804756e-19
387,-2.3545804756e-19
388,-2.3545804756e-19
389,-2.3545804756e-19
390,-2.3545804756e-19
391,-2.3545804756e-19
392,-2.3545804756e-19
393,-2.3545804756e-19
394,-2.3545804756e-19
395,-2.3545804756e-19
396,-2.3545804756e-19
397,-2.3545804756e-19
398,-2.3545804756e-19
399,-2.3545804756e-19
400,-2.3545804756e-19
401,-2.3545804756e-19
402,-2.3545804756e-19
403,-2.3545804756e-19
404,-2.3545804756e-19
405,-2.3545804756e-19
406,-2.3545804756e-19
407,-2.3545804756e-19
408,-2.3545804756e-19
409,-2.3545804756e-19
410,-2.3545804756e-19
411,-2.3545804756e-19
412,-2.3545804756e-19
413,-2.3545804756e-19
414,-2.3545804756e-19
415,-2.3545804756e-19
416,-2.3545804756e-19
417,-2.36356073602e-19
418,-2.36356073602e-19
419,-2.36356073602e-19
420,-2.36356073602e-19
421,-2.36356073602e-19
422,-2.36356073602e-19
423,-2.36356073602e-19
424,-2.36356073602e-19
425,-2.36356073602e-19
426,-2.36356073602e-19
427,-2.36356073602e-19
428,-2.36356073602e-19
429,-2.36356073602e-19
430,-2.36356073602e-19
431,-2.3723631695e-19
432,-2.3723631695e-19
433,-2.39162243931e-19
434,-2.39162243931e-19
435,-2.39162243931e-19
436,-2.39162243931e-19
437,-2.39162243931e-19
438,-2.39162243931e-19
439,-2.39162243931e-19
440,-2.38945527334e-19
441,-2.38945527334e-19
442,-2.38945527334e-19
443,-2.38945527334e-19
444,-2.38945527334e-19
445,-2.38945527334e-19
446,-2.38945527334e-19
447,-2.38945527334e-19
448,-2.38945527334e-19
449,-2.38945527334e-19
450,-2.38945527334e-19
451,-2.38945527334e-19
452,-2.38945527334e-19
453,-2.38945527334e-19
454,-2.38945527334e-19
455,-2.38945527334e-19
456,-2.38945527334e-19
457,-2.38945527334e-19
458,-2.38945527334e-19
459,-2.38945527334e-19
460,-2.38945527334e-19
461,-2.38945527334e-19
462,-2.38945527334e-19
463,-2.38945527334e-19
464,-2.38945527334e-19
465,-2.38945527334e-19
466,-2.38945527334e-19
467,-2.38945527334e-19
468,-2.38945527334e-19
469,-2.38945527334e-19
470,-2.38945527334e-19
471,-2.38945527334e-19
472,-2.38945527334e-19
473,-2.38945527334e-19
474,-2.38945527334e-19
475,-2.38945527334e-19
476,-2.38945527334e-19
477,-2.38945527334e-19
478,-2.38945527334e-19
479,-2.38945527334e-19
480,-2.38945527334e-19
481,-2.38945527334e-19
482,-2.38945527334e-19
483,-2.38732978365e-19
484,-2.38732978365e-19
485,-2.38732978365e-19
486,-2.38732978365e-19
487,-2.38732978365e-19
488,-2.38732978365e-19
489,-2.38732978365e-19
490,-2.38732978365e-19
491,-2.38732978365e-19
492,-2.38732978365e-19
493,-2.38732978365e-19
494,-2.38732978365e-19
495,-2.38732978365e-19
496,-2.38732978365e-19
497,-2.38732978365e-19
498,-2.38732978365e-19
499,-2.38732978365e-19
500,-2.38732978365e-19
501,-2.38732978365e-19
502,-2.38732978365e-19
503,-2.38732978365e-19
504,-2.38732978365e-19
505,-2.38732978365e-19
506,-2.38732978365e-19
507,-2.38732978365e-19
508,-2.38732978365e-19
509,-2.38732978365e-19
510,-2.38732978365e-19
511,-2.38732978365e-19
512,-2.38732978365e-19
513,-2.38732978365e-19
514,-2.38732978365e-19
515,-2.38732978365e-19
516,-2.38732978365e-19
517,-2.38732978365e-19
518,-2.38732978365e-19
519,-2.38732978365e-19
520,-2.38732978365e-19
521,-2.38732978365e-19
522,-2.38732978365e-19
523,-2.38732978365e-19
524,-2.38732978365e-19
525,-2.38732978365e-19
526,-2.38732978365e-19
527,-2.38732978365e-19
528,-2.38732978365e-19
529,-2.38732978365e-19
530,-2.38732978365e-19
531,-2.38732978365e-19
532,-2.38732978365e-19
533,-2.38524477947e-19
534,-2.38524477947e-19
535,-2.38524477947e-19
536,-2.38524477947e-19
537,-2.38319911499e-19
538,-2.38319911499e-19
539,-2.38319911499e-19
540,-2.38319911499e-19
541,-2.38319911499e-19
542,-2.38319911499e-19
543,-2.38319911499e-19
544,-2.38319911499e-19
545,-2.38319911499e-19
546,-2.38319911499e-19
547,-2.38319911499e-19
548,-2.38319911499e-19
549,-2.38319911499e-19
550,-2.38319911499e-19
551,-2.38319911499e-19
552,-2.38319911499e-19
553,-2.38319911499e-19
554,-2.38319911499e-19
555,-2.38319911499e-19
556,-2.38319911499e-19
557,-2.38119168723e-19
558,-2.38119168723e-19
559,-2.38119168723e-19
560,-2.38119168723e-19
561,-2.39929925207e-19
562,-2.39929925207e-19
563,-2.39929925207e-19
564,-2.39929925207e-19
565,-2.39929925207e-19
566,-2.39929925207e-19
567,-2.39929925207e-19
568,-2.39929925207e-19
569,-2.39929925207e-19
570,-2.39929925207e-19
571,-2.39929925207e-19
572,-2.39929925207e-19
573,-2.39929925207e-19
574,-2.39929925207e-19
575,-2.39929925207e-19
576,-2.39929925207e-19
577,-2.41707456802e-19
578,-2.41707456802e-19
579,-2.41707456802e-19
580,-2.41707456802e-19
581,-2.41707456802e-19
582,-2.41707456802e-19
583,-2.41707456802e-19
584,-2.41707456802e-19
585,-2.41707456802e-19
586,-2.41707456802e-19
587,-2.41707456802e-19
588,-2.41707456802e-19
589,-2.41707456802e-19
590,-2.41707456802e-19
591,-2.41707456802e-19
592,-2.41707456802e-19
593,-2.41707456802e-19
594,-2.41707456802e-19
595,-2.41707456802e-19
596,-2.41707456802e-19
597,-2.41707456802e-19
598,-2.41707456802e-19
599,-2.41707456802e-19
600,-2.41707456802e-19
601,-2.41707456802e-19
602,-2.41707456802e-19
603,-2.41707456802e-19
604,-2.41707456802e-19
605,-2.41707456802e-19
606,-2.41707456802e-19
607,-2.41707456802e-19
608,-2.41707456802e-19
609,-2.41707456802e-19
610,-2.41707456802e-19
611,-2.41707456802e-19
612,-2.41707456802e-19
613,-2.41707456802e-19
614,-2.41707456802e-19
615,-2.41707456802e-19
616,-2.41707456802e-19
617,-2.41707456802e-19
618,-2.41707456802e-19
619,-2.41707456802e-19
620,-2.41707456802e-19
621,-2.41707456802e-19
622,-2.41707456802e-19
623,-2.41707456802e-19
624,-2.41707456802e-19
625,-2.41707456802e-19
626,-2.41707456802e-19
627,-2.41707456802e-19
628,-2.41707456802e-19
629,-2.41707456802e-19
630,-2.41707456802e-19
631,-2.41707456802e-19
632,-2.41707456802e-19
633,-2.41707456802e-19
634,-2.41707456802e-19
635,-2.41707456802e-19
636,-2.41707456802e-19
637,-2.41707456802e-19
638,-2.41707456802e-19
639,-2.41707456802e-19
640,-2.41707456802e-19
641,-2.41707456802e-19
642,-2.41707456802e-19
643,-2.41707456802e-19
644,-2.41707456802e-19
645,-2.41707456802e-19
646,-2.41707456802e-19
647,-2.41707456802e-19
648,-2.41707456802e-19
649,-2.41707456802e-19
650,-2.41707456802e-19
651,-2.41707456802e-19
652,-2.41707456802e-19
653,-2.41937707008e-19
654,-2.41937707008e-19
655,-2.41937707008e-19
656,-2.41937707008e-19
657,-2.41937707008e-19
658,-2.42172260957e-19
659,-2.42172260957e-19
660,-2.42172260957e-19
661,-2.42172260957e-19
662,-2.42172260957e-19
663,-2.42172260957e-19
664,-2.42172260957e-19
665,-2.42172260957e-19
666,-2.42172260957e-19
667,-2.42172260957e-19
668,-2.42411240452e-19
669,-2.42411240452e-19
670,-2.42411240452e-19
671,-2.42654771937e-19
672,-2.42654771937e-19
673,-2.42654771937e-19
674,-2.4290298672e-19
675,-2.4290298672e-19
676,-2.4290298672e-19
677,-2.4290298672e-19
678,-2.4290298672e-19
679,-2.4290298672e-19
680,-2.4290298672e-19
681,-2.4290298672e-19
682,-2.4290298672e-19
683,-2.43414017156e-19
684,-2.43414017156e-19
685,-2.43677121935e-19
686,-2.43677121935e-19
687,-2.43677121935e-19
688,-2.43677121935e-19
689,-2.45029690982e-19
690,-2.45029690982e-19
691,-2.45029690982e-19
692,-2.45029690982e-19
693,-2.45029690982e-19
694,-2.45029690982e-19
695,-2.47019257855e-19
696,-2.47019257855e-19
697,-2.46204243335e-19
698,-2.46829005225e-19
699,-2.46829005225e-19
700,-2.46829005225e-19
701,-2.46829005225e-19
702,-2.46204243335e-19
703,-2.47019257855e-19
704,-2.47019257855e-19
705,-2.45029690982e-19
706,-2.45029690982e-19
707,-2.45029690982e-19
708,-2.45029690982e-19
709,-2.45029690982e-19
710,-2.45029690982e-19
711,-2.43677121935e-19
712,-2.43677121935e-19
713,-2.43677121935e-19
714,-2.43677121935e-19
715,-2.43414017156e-19
716,-2.43414017156e-19
717,-2.4290298672e-19
718,-2.4290298672e-19
719,-2.4290298672e-19
720,-2.4290298672e-19
721,-2.4290298672e-19
722,-2.4290298672e-19
723,-2.4290298672e-19
724,-2.4290298672e-19
725,-2.4290298672e-19
726,-2.42654771937e-19
727,-2.42654771937e-19
728,-2.42654771937e-19
729,-2.42411240452e-19
730,-2.42411240452e-19
731,-2.42411240452e-19
732,-2.42172260957e-19
733,-2.42172260957e-19
734,-2.42172260957e-19
735,-2.42172260957e-19
736,-2.42172260957e-19
737,-2.42172260957e-19
738,-2.42172260957e-19
739,-2.42172260957e-19
740,-2.42172260957e-19
741,-2.42172260957e-19
742,-2.41937707008e-19
743,-2.41937707008e-19
744,-2.41937707008e-19
745,-2.41937707008e-19
746,-2.41937707008e-19
747,-2.41707456802e-19
748,-2.41707456802e-19
749,-2.41707456802e-19
750,-2.41707456802e-19
751,-2.41707456802e-19
752,-2.41707456802e-19
753,-2.41707456802e-19
754,-2.41707456802e-19
755,-2.41707456802e-19
756,-2.41707456802e-19
757,-2.41707456802e-19
758,-2.41707456802e-19
759,-2.41707456802e-19
760,-2.41707456802e-19
761,-2.41707456802e-19
762,-2.41707456802e-19
763,-2.41707456802e-19
764,-2.41707456802e-19
765,-2.41707456802e-19
766,-2.41707456802e-19
767,-2.41707456802e-19
768,-2.41707456802e-19
769,-2.41707456802e-19
770,-2.41707456802e-19
771,-2.41707456802e-19
772,-2.41707456802e-19
773,-2.41707456802e-19
774,-2.41707456802e-19
775,-2.41707456802e-19
776,-2.41707456802e-19
777,-2.41707456802e-19
778,-2.41707456802e-19
779,-2.41707456802e-19
780,-2.41707456802e-19
781,-2.41707456802e-19
782,-2.41707456802e-19
783,-2.41707456802e-19
784,-2.41707456802e-19
785,-2.41707456802e-19
786,-2.41707456802e-19
787,-2.41707456802e-19
788,-2.41707456802e-19
789,-2.41707456802e-19
790,-2.41707456802e-19
791,-2.41707456802e-19
792,-2.41707456802e-19
793,-2.41707456802e-19
794,-2.41707456802e-19
795,-2.41707456802e-19
796,-2.41707456802e-19
797,-2.41707456802e-19
798,-2.41707456802e-19
799,-2.41707456802e-19
800,-2.41707456802e-19
801,-2.41707456802e-19
802,-2.41707456802e-19
803,-2.41707456802e-19
804,-2.41707456802e-19
805,-2.41707456802e-19
806,-2.41707456802e-19
807,-2.41707456802e-19
808,-2.41707456802e-19
809,-2.41707456802e-19
810,-2.41707456802e-19
811,-2.41707456802e-19
812,-2.41707456802e-19
813,-2.41707456802e-19
814,-2.41707456802e-19
815,-2.41707456802e-19
816,-2.41707456802e-19
817,-2.41707456802e-19
818,-2.41707456802e-19
819,-2.41707456802e-19
820,-2.41707456802e-19
821,-2.41707456802e-19
822,-2.41707456802e-19
823,-2.41707456802e-19
824,-2.41707456802e-19
825,-2.41707456802e-19
826,-2.41707456802e-19
827,-2.41707456802e-19
828,-2.41707456802e-19
829,-2.41707456802e-19
830,-2.41707456802e-19
831,-2.41707456802e-19
832,-2.41707456802e-19
833,-2.41707456802e-19
834,-2.41707456802e-19
835,-2.41707456802e-19
836,-2.41707456802e-19
837,-2.39929925207e-19
838,-2.39929925207e-19
839,-2.38119168723e-19
840,-2.38119168723e-19
841,-2.36274247023e-19
842,-2.36274247023e-19
843,-2.36274247023e-19
844,-2.36274247023e-19
845,-2.36274247023e-19
846,-2.36274247023e-19
847,-2.36274247023e-19
848,-2.36459330952e-19
849,-2.36459330952e-19
850,-2.36459330952e-19
851,-2.36459330952e-19
852,-2.36459330952e-19
853,-2.36459330952e-19
854,-2.36459330952e-19
855,-2.36459330952e-19
856,-2.36459330952e-19
857,-2.3473503346e-19
858,-2.3473503346e-19
859,-2.3473503346e-19
860,-2.3473503346e-19
861,-2.3473503346e-19
862,-2.3473503346e-19
863,-2.3473503346e-19
864,-2.3473503346e-19
865,-2.3473503346e-19
866,-2.3473503346e-19
867,-2.3473503346e-19
868,-2.3473503346e-19
869,-2.3473503346e-19
870,-2.3473503346e-19
871,-2.3473503346e-19
872,-2.33847527399e-19
873,-2.33847527399e-19
874,-2.31868979462e-19
875,-2.31868979462e-19
876,-2.31868979462e-19
877,-2.31868979462e-19
878,-2.31868979462e-19
879,-2.29850860567e-19
880,-2.29850860567e-19
881,-2.29850860567e-19
882,-2.29850860567e-19
883,-2.29850860567e-19
884,-2.29850860567e-19
885,-2.29850860567e-19
886,-2.29850860567e-19
887,-2.29850860567e-19
888,-2.29850860567e-19
889,-2.29850860567e-19
890,-2.29850860567e-19
891,-2.28887125302e-19
892,-2.28887125302e-19
893,-2.28887125302e-19
894,-2.28887125302e-19
895,-2.28887125302e-19
896,-2.28887125302e-19
897,-2.28887125302e-19
898,-2.28887125302e-19
899,-2.28887125302e-19
900,-2.28887125302e-19
901,-2.27903721971e-19
902,-2.27903721971e-19
903,-2.27903721971e-19
904,-2.27903721971e-19
905,-2.27903721971e-19
906,-2.27903721971e-19
907,-2.27903721971e-19
908,-2.27903721971e-19
909,-2.27903721971e-19
910,-2.27903721971e-19
911,-2.27903721971e-19
912,-2.27903721971e-19
913,-2.27903721971e-19
914,-2.27903721971e-19
915,-2.27903721971e-19
916,-2.27903721971e-19
917,-2.27903721971e-19
918,-2.27903721971e-19
919,-2.27903721971e-19
920,-2.27903721971e-19
921,-2.27903721971e-19
922,-2.27903721971e-19
923,-2.27903721971e-19
924,-2.26900042283e-19
925,-2.26900042283e-19
926,-2.26900042283e-19
927,-2.26900042283e-19
928,-2.26900042283e-19
929,-2.26900042283e-19
930,-2.26900042283e-19
931,-2.26900042283e-19
932,-2.26900042283e-19
933,-2.26900042283e-19
934,-2.26900042283e-19
935,-2.26900042283e-19
936,-2.26900042283e-19
937,-2.26900042283e-19
938,-2.26900042283e-19
939,-2.26900042283e-19
940,-2.26900042283e-19
941,-2.26900042283e-19
942,-2.26900042283e-19
943,-2.26900042283e-19
944,-2.26900042283e-19
945,-2.26900042283e-19
946,-2.26900042283e-19
947,-2.26900042283e-19
948,-2.26900042283e-19
949,-2.26900042283e-19
950,-2.27004829864e-19
951,-2.27004829864e-19
952,-2.25970558055e-19
953,-2.25970558055e-19
954,-2.26067687029e-19
955,-2.26067687029e-19
956,-2.26067687029e-19
957,-2.26067687029e-19
958,-2.26067687029e-19
959,-2.26067687029e-19
960,-2.26067687029e-19
961,-2.26067687029e-19
962,-2.26067687029e-19
963,-2.26067687029e-19
964,-2.26067687029e-19
965,-2.26067687029e-19
966,-2.26067687029e-19
967,-2.26067687029e-19
968,-2.2500109601e-19
969,-2.2500109601e-19
970,-2.2500109601e-19
971,-2.2500109601e-19
972,-2.2500109601e-19
973,-2.2500109601e-19
974,-2.2500109601e-19
975,-2.2500109601e-19
976,-2.2500109601e-19
977,-2.2500109601e-19
978,-2.2500109601e-19
979,-2.2500109601e-19
980,-2.2500109601e-19
981,-2.2500109601e-19
982,-2.2500109601e-19
983,-2.2500109601e-19
984,-2.2500109601e-19
985,-2.2500109601e-19
986,-2.2500109601e-19
987,-2.2500109601e-19
988,-2.2500109601e-19
989,-2.2500109601e-19
990,-2.2500109601e-19
991,-2.2500109601e-19
992,-2.2500109601e-19
993,-2.2500109601e-19
994,-2.2500109601e-19
995,-2.2500109601e-19
996,-2.2500109601e-19
997,-2.25089798853e-19
998,-2.25089798853e-19
999,-2.25089798853e-19
1000,-2.25089798853e-19
1001,-2.25089798853e-19
1002,-2.25089798853e-19
1003,-2.25089798853e-19
1004,-2.25089798853e-19
1005,-2.25089798853e-19
1006,-2.25089798853e-19
1007,-2.25089798853e-19
1008,-2.25089798853e-19
1009,-2.25089798853e-19
1010,-2.25089798853e-19
1011,-2.25089798853e-19
1012,-2.25089798853e-19
1013,-2.25089798853e-19
1014,-2.25089798853e-19
1015,-2.25089798853e-19
1016,-2.25089798853e-19
1017,-2.25089798853e-19
1018,-2.25089798853e-19
1019,-2.25089798853e-19
1020,-2.25089798853e-19
1021,-2.25089798853e-19
1022,-2.25089798853e-19
1023,-2.25089798853e-19
1024,-2.25089798853e-19
1025,-2.25089798853e-19
1026,-2.25089798853e-19
1027,-2.25089798853e-19
1028,-2.25089798853e-19
1029,-2.25089798853e-19
1030,-2.25089798853e-19
1031,-2.25089798853e-19
1032,-2.25089798853e-19
1033,-2.25180451209e-19
1034,-2.25180451209e-19
1035,-2.25180451209e-19
1036,-2.25273118061e-19
1037,-2.25273118061e-19
1038,-2.25273118061e-19
1039,-2.25273118061e-19
1040,-2.25273118061e-19
1041,-2.24149662626e-19
1042,-2.24149662626e-19
1043,-2.24149662626e-19
1044,-2.24149662626e-19
1045,-2.24149662626e-19
1046,-2.24149662626e-19
1047,-2.24149662626e-19
1048,-2.24149662626e-19
1049,-2.24149662626e-19
1050,-2.24149662626e-19
1051,-2.24149662626e-19
1052,-2.24149662626e-19
1053,-2.24149662626e-19
1054,-2.24149662626e-19
1055,-2.24149662626e-19
1056,-2.24149662626e-19
1057,-2.24149662626e-19
1058,-2.24149662626e-19
1059,-2.25273118061e-19
1060,-2.25273118061e-19
1061,-2.25273118061e-19
1062,-2.25273118061e-19
1063,-2.25273118061e-19
1064,-2.25180451209e-19
1065,-2.25180451209e-19
1066,-2.25180451209e-19
1067,-2.25089798853e-19
1068,-2.25089798853e-19
1069,-2.25089798853e-19
1070,-2.25089798853e-19
1071,-2.25089798853e-19
1072,-2.25089798853e-19
1073,-2.25089798853e-19
1074,-2.25089798853e-19
1075,-2.25089798853e-19
1076,-2.25089798853e-19
1077,-2.25089798853e-19
1078,-2.25089798853e-19
1079,-2.25089798853e-19
1080,-2.25089798853e-19
1081,-2.25089798853e-19
1082,-2.25089798853e-19
1083,-2.25089798853e-19
1084,-2.25089798853e-19
1085,-2.25089798853e-19
1086,-2.25089798853e-19
1087,-2.25089798853e-19
1088,-2.25089798853e-19
1089,-2.25089798853e-19
1090,-2.25089798853e-19
1091,-2.25089798853e-19
1092,-2.25089798853e-19
1093,-2.25089798853e-19
1094,-2.25089798853e-19
1095,-2.25089798853e-19
1096,-2.25089798853e-19
1097,-2.25089798853e-19
1098,-2.25089798853e-19
1099,-2.25089798853e-19
1100,-2.25089798853e-19
1101,-2.25089798853e-19
1102,-2.25089798853e-19
1103,-2.2500109601e-19
1104,-2.2500109601e-19
1105,-2.2500109601e-19
1106,-2.2500109601e-19
1107,-2.2500109601e-19
1108,-2.2500109601e-19
1109,-2.2500109601e-19
1110,-2.2500109601e-19
1111,-2.2500109601e-19
1112,-2.2500109601e-19
1113,-2.2500109601e-19
1114,-2.2500109601e-19
1115,-2.2500109601e-19
1116,-2.2500109601e-19
1117,-2.2500109601e-19
1118,-2.2500109601e-19
1119,-2.2500109601e-19
1120,-2.2500109601e-19
1121,-2.2500109601e-19
1122,-2.2500109601e-19
1123,-2.2500109601e-19
1124,-2.2500109601e-19
1125,-2.2500109601e-19
1126,-2.2500109601e-19
1127,-2.2500109601e-19
1128,-2.2500109601e-19
1129,-2.2500109601e-19
1130,-2.2500109601e-19
1131,-2.2500109601e-19
1132,-2.26067687029e-19
1133,-2.26067687029e-19
1134,-2.26067687029e-19
1135,-2.26067687029e-19
1136,-2.26067687029e-19
1137,-2.26067687029e-19
1138,-2.26067687029e-19
1139,-2.26067687029e-19
1140,-2.26067687029e-19
1141,-2.26067687029e-19
1142,-2.26067687029e-19
1143,-2.26067687029e-19
1144,-2.26067687029e-19
1145,-2.26067687029e-19
1146,-2.25970558055e-19
1147,-2.25970558055e-19
1148,-2.27004829864e-19
1149,-2.27004829864e-19
1150,-2.26900042283e-19
1151,-2.26900042283e-19
1152,-2.26900042283e-19
1153,-2.26900042283e-19
1154,-2.26900042283e-19
1155,-2.26900042283e-19
1156,-2.26900042283e-19
1157,-2.26900042283e-19
1158,-2.26900042283e-19
1159,-2.26900042283e-19
1160,-2.26900042283e-19
1161,-2.26900042283e-19
1162,-2.26900042283e-19
1163,-2.26900042283e-19
1164,-2.26900042283e-19
1165,-2.26900042283e-19
1166,-2.26900042283e-19
1167,-2.26900042283e-19
1168,-2.26900042283e-19
1169,-2.26900042283e-19
1170,-2.26900042283e-19
1171,-2.26900042283e-19
1172,-2.26900042283e-19
1173,-2.26900042283e-19
1174,-2.26900042283e-19
1175,-2.26900042283e-19
1176,-2.27903721971e-19
1177,-2.27903721971e-19
1178,-2.27903721971e-19
1179,-2.27903721971e-19
1180,-2.27903721971e-19
1181,-2.27903721971e-19
1182,-2.27903721971e-19
1183,-2.27903721971e-19
1184,-2.27903721971e-19
1185,-2.27903721971e-19
1186,-2.27903721971e-19
1187,-2.27903721971e-19
1188,-2.27903721971e-19
1189,-2.27903721971e-19
1190,-2.27903721971e-19
1191,-2.27903721971e-19
1192,-2.27903721971e-19
1193,-2.27903721971e-19
1194,-2.27903721971e-19
1195,-2.27903721971e-19
1196,-2.27903721971e-19
1197,-2.27903721971e-19
1198,-2.27903721971e-19
1199,-2.28887125302e-19
1200,-2.28887125302e-19
1201,-2.28887125302e-19
1202,-2.28887125302e-19
1203,-2.28887125302e-19
1204,-2.28887125302e-19
1205,-2.28887125302e-19
1206,-2.28887125302e-19
1207,-2.28887125302e-19
1208,-2.28887125302e-19
1209,-2.29850860567e-19
1210,-2.29850860567e-19
1211,-2.29850860567e-19
1212,-2.29850860567e-19
1213,-2.29850860567e-19
1214,-2.29850860567e-19
1215,-2.29850860567e-19
1216,-2.29850860567e-19
1217,-2.29850860567e-19
1218,-2.29850860567e-19
1219,-2.29850860567e-19
1220,-2.29850860567e-19
1221,-2.31868979462e-19
1222,-2.31868979462e-19
1223,-2.31868979462e-19
1224,-2.31868979462e-19
1225,-2.31868979462e-19
1226,-2.33847527399e-19
1227,-2.33847527399e-19
1228,-2.3473503346e-19
1229,-2.3473503346e-19
1230,-2.3473503346e-19
1231,-2.3473503346e-19
1232,-2.3473503346e-19
1233,-2.3473503346e-19
1234,-2.3473503346e-19
1235,-2.3473503346e-19
1236,-2.3473503346e-19
1237,-2.3473503346e-19
1238,-2.3473503346e-19
1239,-2.3473503346e-19
1240,-2.3473503346e-19
1241,-2.3473503346e-19
1242,-2.3473503346e-19
1243,-2.36459330952e-19
1244,-2.36459330952e-19
1245,-2.36459330952e-19
1246,-2.36459330952e-19
1247,-2.36459330952e-19
1248,-2.36459330952e-19
1249,-2.36459330952e-19
1250,-2.36459330952e-19
1251,-2.36459330952e-19
1252,-2.36274247023e-19
1253,-2.36274247023e-19
1254,-2.36274247023e-19
1255,-2.36274247023e-19
1256,-2.36274247023e-19
1257,-2.36274247023e-19
1258,-2.36274247023e-19
1259,-2.38119168723e-19
1260,-2.38119168723e-19
1261,-2.39929925207e-19
1262,-2.39929925207e-19
1263,-2.41707456802e-19
1264,-2.41707456802e-19
1265,-2.41707456802e-19
1266,-2.41707456802e-19
1267,-2.41707456802e-19
1268,-2.41707456802e-19
1269,-2.41707456802e-19
1270,-2.41707456802e-19
1271,-2.41707456802e-19
1272,-2.41707456802e-19
1273,-2.41707456802e-19
1274,-2.41707456802e-19
1275,-2.41707456802e-19
1276,-2.41707456802e-19
1277,-2.41707456802e-19
1278,-2.41707456802e-19
1279,-2.41707456802e-19
1280,-2.41707456802e-19
1281,-2.41707456802e-19
1282,-2.41707456802e-19
1283,-2.41707456802e-19
1284,-2.41707456802e-19
1285,-2.41707456802e-19
1286,-2.41707456802e-19
1287,-2.41707456802e-19
1288,-2.41707456802e-19
1289,-2.41707456802e-19
1290,-2.41707456802e-19
1291,-2.41707456802e-19
1292,-2.41707456802e-19
1293,-2.41707456802e-19
1294,-2.41707456802e-19
1295,-2.41707456802e-19
1296,-2.41707456802e-19
1297,-2.41707456802e-19
1298,-2.41707456802e-19
1299,-2.41707456802e-19
1300,-2.41707456802e-19
1301,-2.41707456802e-19
1302,-2.41707456802e-19
1303,-2.41707456802e-19
1304,-2.41707456802e-19
1305,-2.41707456802e-19
1306,-2.41707456802e-19
1307,-2.41707456802e-19
1308,-2.41707456802e-19
1309,-2.41707456802e-19
1310,-2.41707456802e-19
1311,-2.41707456802e-19
1312,-2.41707456802e-19
1313,-2.41707456802e-19
1314,-2.41707456802e-19
1315,-2.41707456802e-19
1316,-2.41707456802e-19
1317,-2.41707456802e-19
1318,-2.41707456802e-19
1319,-2.41707456802e-19
1320,-2.41707456802e-19
1321,-2.41707456802e-19
1322,-2.41707456802e-19
1323,-2.41707456802e-19
1324,-2.41707456802e-19
1325,-2.41707456802e-19
1326,-2.41707456802e-19
1327,-2.41707456802e-19
1328,-2.41707456802e-19
1329,-2.41707456802e-19
1330,-2.41707456802e-19
1331,-2.41707456802e-19
1332,-2.41707456802e-19
1333,-2.41707456802e-19
1334,-2.41707456802e-19
1335,-2.41707456802e-19
1336,-2.41707456802e-19
1337,-2.41707456802e-19
1338,-2.41707456802e-19
1339,-2.41707456802e-19
1340,-2.41707456802e-19
1341,-2.41707456802e-19
1342,-2.41707456802e-19
1343,-2.41707456802e-19
1344,-2.41707456802e-19
1345,-2.41707456802e-19
1346,-2.41707456802e-19
1347,-2.41707456802e-19
1348,-2.41707456802e-19
1349,-2.41707456802e-19
1350,-2.41707456802e-19
1351,-2.41707456802e-19
1352,-2.41707456802e-19
1353,-2.41707456802e-19
1354,-2.41707456802e-19
1355,-2.41707456802e-19
1356,-2.41707456802e-19
1357,-2.41707456802e-19
1358,-2.41707456802e-19
1359,-2.41707456802e-19
1360,-2.41707456802e-19
1361,-2.41707456802e-19
1362,-2.41707456802e-19
1363,-2.41707456802e-19
1364,-2.41707456802e-19
1365,-2.41707456802e-19
1366,-2.41707456802e-19
1367,-2.41707456802e-19
1368,-2.41707456802e-19
1369,-2.41707456802e-19
1370,-2.41707456802e-19
1371,-2.41707456802e-19
1372,-2.41707456802e-19
1373,-2.41707456802e-19
1374,-2.41707456802e-19
1375,-2.41707456802e-19
1376,-2.41707456802e-19
1377,-2.41937707008e-19
1378,-2.41937707008e-19
1379,-2.41937707008e-19
1380,-2.41937707008e-19
1381,-2.41937707008e-19
1382,-2.41158987899e-19
1383,-2.40365575976e-19
1384,-2.40365575976e-19
1385,-2.40365575976e-19
1386,-2.40365575976e-19
1387,-2.39557051444e-19
1388,-2.39557051444e-19
1389,-2.39557051444e-19
1390,-2.39775480454e-19
1391,-2.39775480454e-19
1392,-2.39775480454e-19
1393,-2.38945527334e-19
1394,-2.38945527334e-19
1395,-2.38945527334e-19
1396,-2.39162243931e-19
1397,-2.39162243931e-19
1398,-2.39162243931e-19
1399,-2.39162243931e-19
