0,3.54897624297e-21
1,3.52102684085e-21
2,3.52102684085e-21
3,3.52102684085e-21
4,3.4935141553e-21
5,3.55731605316e-21
6,3.55731605316e-21
7,3.55731605316e-21
8,3.55731605316e-21
9,3.55731605316e-21
10,3.55731605316e-21
11,3.55731605316e-21
12,3.55731605316e-21
13,3.55731605316e-21
14,3.55731605316e-21
15,3.61651067243e-21
16,3.61651067243e-21
17,3.67148763617e-21
18,3.67148763617e-21
19,3.64390941138e-21
20,3.64390941138e-21
21,3.64390941138e-21
22,3.64390941138e-21
23,3.64390941138e-21
24,3.64390941138e-21
25,3.64390941138e-21
26,3.61674219105e-21
27,3.61674219105e-21
28,3.61674219105e-21
29,3.61674219105e-21
30,3.61674219105e-21
31,3.61674219105e-21
32,3.61674219105e-21
33,3.61674219105e-21
34,3.61674219105e-21
35,3.61674219105e-21
36,3.61674219105e-21
37,3.61674219105e-21
38,3.61674219105e-21
39,3.61674219105e-21
40,3.61674219105e-21
41,3.61674219105e-21
42,3.61674219105e-21
43,3.61674219105e-21
44,3.61674219105e-21
45,3.61674219105e-21
46,3.61674219105e-21
47,3.61674219105e-21
48,3.61674219105e-21
49,3.61674219105e-21
50,3.61674219105e-21
51,3.61674219105e-21
52,3.61674219105e-21
53,3.61674219105e-21
54,3.61674219105e-21
55,3.61674219105e-21
56,3.61674219105e-21
57,3.61674219105e-21
58,3.61674219105e-21
59,3.61674219105e-21
60,3.61674219105e-21
61,3.61674219105e-21
62,3.61674219105e-21
63,3.61674219105e-21
64,3.61674219105e-21
65,3.61674219105e-21
66,3.61674219105e-21
67,3.61674219105e-21
68,3.61674219105e-21
69,3.61674219105e-21
70,3.61674219105e-21
71,3.61674219105e-21
72,3.61674219105e-21
73,3.61674219105e-21
74,3.61674219105e-21
75,3.61674219105e-21
76,3.61674219105e-21
77,3.61674219105e-21
78,3.61674219105e-21
79,3.61674219105e-21
80,3.61674219105e-21
81,3.61674219105e-21
82,3.61674219105e-21
83,3.61674219105e-21
84,3.61674219105e-21
85,3.61674219105e-21
86,3.61674219105e-21
87,3.61674219105e-21
88,3.61674219105e-21
89,3.61674219105e-21
90,3.61674219105e-21
91,3.61674219105e-21
92,3.61674219105e-21
93,3.61674219105e-21
94,3.61674219105e-21
95,3.61674219105e-21
96,3.61674219105e-21
97,3.61674219105e-21
98,3.61674219105e-21
99,3.61674219105e-21
100,3.61674219105e-21
101,3.61674219105e-21
102,3.61674219105e-21
103,3.61674219105e-21
104,3.61674219105e-21
105,3.61674219105e-21
106,3.61674219105e-21
107,3.61674219105e-21
108,3.61674219105e-21
109,3.61674219105e-21
110,3.61674219105e-21
111,3.61674219105e-21
112,3.61674219105e-21
113,3.61674219105e-21
114,3.61674219105e-21
115,3.61674219105e-21
116,3.61674219105e-21
117,3.61674219105e-21
118,3.61674219105e-21
119,3.61674219105e-21
120,3.61674219105e-21
121,3.61674219105e-21
122,3.61674219105e-21
123,3.61674219105e-21
124,3.61674219105e-21
125,3.61674219105e-21
126,3.61674219105e-21
127,3.61674219105e-21
128,3.61674219105e-21
129,3.61674219105e-21
130,3.61674219105e-21
131,3.61674219105e-21
132,3.61674219105e-21
133,3.61674219105e-21
134,3.61674219105e-21
135,3.61674219105e-21
136,3.61674219105e-21
137,3.61674219105e-21
138,3.61674219105e-21
139,3.61674219105e-21
140,3.61674219105e-21
141,3.61674219105e-21
142,3.61674219105e-21
143,3.61674219105e-21
144,3.61674219105e-21
145,3.61674219105e-21
146,3.61674219105e-21
147,3.61674219105e-21
148,3.61674219105e-21
149,3.61674219105e-21
150,3.61674219105e-21
151,3.61674219105e-21
152,3.64390941138e-21
153,3.64390941138e-21
154,3.67148763617e-21
155,3.67148763617e-21
156,3.67148763617e-21
157,3.67148763617e-21
158,3.67148763617e-21
159,3.67148763617e-21
160,3.67148763617e-21
161,3.67148763617e-21
162,3.67148763617e-21
163,3.67148763617e-21
164,3.61651067243e-21
165,3.61651067243e-21
166,3.61651067243e-21
167,3.61651067243e-21
168,3.61651067243e-21
169,3.61651067243e-21
170,3.61651067243e-21
171,3.61651067243e-21
172,3.61651067243e-21
173,3.61651067243e-21
174,3.61651067243e-21
175,3.61651067243e-21
176,3.61651067243e-21
177,3.61651067243e-21
178,3.61651067243e-21
179,3.61651067243e-21
180,3.61651067243e-21
181,3.61651067243e-21
182,3.61651067243e-21
183,3.61651067243e-21
184,3.61651067243e-21
185,3.61651067243e-21
186,3.61651067243e-21
187,3.61651067243e-21
188,3.61651067243e-21
189,3.61651067243e-21
190,3.61651067243e-21
191,3.61651067243e-21
192,3.61651067243e-21
193,3.61651067243e-21
194,3.61651067243e-21
195,3.61651067243e-21
196,3.61651067243e-21
197,3.61651067243e-21
198,3.61651067243e-21
199,3.61651067243e-21
200,3.61651067243e-21
201,3.61651067243e-21
202,3.61651067243e-21
203,3.61651067243e-21
204,3.61651067243e-21
205,3.61651067243e-21
206,3.61651067243e-21
207,3.61651067243e-21
208,3.61651067243e-21
209,3.61651067243e-21
210,3.61651067243e-21
211,3.61651067243e-21
212,3.61651067243e-21
213,3.61651067243e-21
214,3.61651067243e-21
215,3.61651067243e-21
216,3.61651067243e-21
217,3.61651067243e-21
218,3.55731605316e-21
219,3.55731605316e-21
220,3.55731605316e-21
221,3.55731605316e-21
222,3.55731605316e-21
223,3.55731605316e-21
224,3.55731605316e-21
225,3.55731605316e-21
226,3.55731605316e-21
227,3.55731605316e-21
228,3.55731605316e-21
229,3.55731605316e-21
230,3.55731605316e-21
231,3.55731605316e-21
232,3.55731605316e-21
233,3.55731605316e-21
234,3.55731605316e-21
235,3.55731605316e-21
236,3.55731605316e-21
237,3.55731605316e-21
238,3.55731605316e-21
239,3.55731605316e-21
240,3.55731605316e-21
241,3.55731605316e-21
242,3.55731605316e-21
243,3.55731605316e-21
244,3.55731605316e-21
245,3.55731605316e-21
246,3.55731605316e-21
247,3.55731605316e-21
248,3.55731605316e-21
249,3.55731605316e-21
250,3.5850342323e-21
251,3.5850342323e-21
252,3.5850342323e-21
253,3.5850342323e-21
254,3.5850342323e-21
255,3.5850342323e-21
256,3.5850342323e-21
257,3.5850342323e-21
258,3.5850342323e-21
259,3.5850342323e-21
260,3.5850342323e-21
261,3.5850342323e-21
262,3.5850342323e-21
263,3.5850342323e-21
264,3.5850342323e-21
265,3.5850342323e-21
266,3.5850342323e-21
267,3.5850342323e-21
268,3.5850342323e-21
269,3.5850342323e-21
270,3.5850342323e-21
271,3.5850342323e-21
272,3.5850342323e-21
273,3.5850342323e-21
274,3.5850342323e-21
275,3.5850342323e-21
276,3.5850342323e-21
277,3.5850342323e-21
278,3.5850342323e-21
279,3.5850342323e-21
280,3.5850342323e-21
281,3.5850342323e-21
282,3.5850342323e-21
283,3.5850342323e-21
284,3.5850342323e-21
285,3.5850342323e-21
286,3.5850342323e-21
287,3.5850342323e-21
288,3.5850342323e-21
289,3.5850342323e-21
290,3.5850342323e-21
291,3.5850342323e-21
292,3.5850342323e-21
293,3.5850342323e-21
294,3.5850342323e-21
295,3.5850342323e-21
296,3.5850342323e-21
297,3.5850342323e-21
298,3.5850342323e-21
299,3.5850342323e-21
300,3.5850342323e-21
301,3.5850342323e-21
302,3.5850342323e-21
303,3.5850342323e-21
304,3.5850342323e-21
305,3.5850342323e-21
306,3.5850342323e-21
307,3.61318764591e-21
308,3.61318764591e-21
309,3.61318764591e-21
310,3.61318764591e-21
311,3.61318764591e-21
312,3.61318764591e-21
313,3.61318764591e-21
314,3.61318764591e-21
315,3.61318764591e-21
316,3.61318764591e-21
317,3.61318764591e-21
318,3.61318764591e-21
319,3.61318764591e-21
320,3.61318764591e-21
321,3.61318764591e-21
322,3.61318764591e-21
323,3.61318764591e-21
324,3.61318764591e-21
325,3.61318764591e-21
326,3.61318764591e-21
327,3.61318764591e-21
328,3.54897624297e-21
329,3.54897624297e-21
330,3.54897624297e-21
331,3.54897624297e-21
332,3.54897624297e-21
333,3.54897624297e-21
334,3.54897624297e-21
335,3.54897624297e-21
336,3.54897624297e-21
337,3.54897624297e-21
338,3.54897624297e-21
339,3.54897624297e-21
340,3.54897624297e-21
341,3.54897624297e-21
342,3.54897624297e-21
343,3.54897624297e-21
344,3.54897624297e-21
345,3.54897624297e-21
346,3.54897624297e-21
347,3.54897624297e-21
348,3.54897624297e-21
349,3.54897624297e-21
350,3.54897624297e-21
351,3.54897624297e-21
352,3.54897624297e-21
353,3.54897624297e-21
354,3.54897624297e-21
355,3.54897624297e-21
356,3.54897624297e-21
357,3.54897624297e-21
358,3.54897624297e-21
359,3.54897624297e-21
360,3.54897624297e-21
361,3.54897624297e-21
362,3.54897624297e-21
363,3.54897624297e-21
364,3.54897624297e-21
365,3.54897624297e-21
366,3.54897624297e-21
367,3.54897624297e-21
368,3.54897624297e-21
369,3.54897624297e-21
370,3.54897624297e-21
371,3.54897624297e-21
372,3.61318764591e-21
373,3.61318764591e-21
374,3.61318764591e-21
375,3.61318764591e-21
376,3.61318764591e-21
377,3.61318764591e-21
378,3.61318764591e-21
379,3.61318764591e-21
380,3.61318764591e-21
381,3.61318764591e-21
382,3.61318764591e-21
383,3.61318764591e-21
384,3.61318764591e-21
385,3.61318764591e-21
386,3.61318764591e-21
387,3.61318764591e-21
388,3.61318764591e-21
389,3.61318764591e-21
390,3.61318764591e-21
391,3.61318764591e-21
392,3.61318764591e-21
393,3.5850342323e-21
394,3.5850342323e-21
395,3.5850342323e-21
396,3.5850342323e-21
397,3.5850342323e-21
398,3.5850342323e-21
399,3.5850342323e-21
400,3.5850342323e-21
401,3.5850342323e-21
402,3.5850342323e-21
403,3.5850342323e-21
404,3.5850342323e-21
405,3.5850342323e-21
406,3.5850342323e-21
407,3.5850342323e-21
408,3.5850342323e-21
409,3.5850342323e-21
410,3.5850342323e-21
411,3.5850342323e-21
412,3.5850342323e-21
413,3.5850342323e-21
414,3.5850342323e-21
415,3.5850342323e-21
416,3.5850342323e-21
417,3.5850342323e-21
418,3.5850342323e-21
419,3.5850342323e-21
420,3.5850342323e-21
421,3.5850342323e-21
422,3.5850342323e-21
423,3.5850342323e-21
424,3.5850342323e-21
425,3.5850342323e-21
426,3.5850342323e-21
427,3.5850342323e-21
428,3.5850342323e-21
429,3.5850342323e-21
430,3.5850342323e-21
431,3.5850342323e-21
432,3.5850342323e-21
433,3.5850342323e-21
434,3.5850342323e-21
435,3.5850342323e-21
436,3.5850342323e-21
437,3.5850342323e-21
438,3.5850342323e-21
439,3.5850342323e-21
440,3.5850342323e-21
441,3.5850342323e-21
442,3.5850342323e-21
443,3.5850342323e-21
444,3.5850342323e-21
445,3.5850342323e-21
446,3.5850342323e-21
447,3.5850342323e-21
448,3.5850342323e-21
449,3.5850342323e-21
450,3.55731605316e-21
451,3.55731605316e-21
452,3.55731605316e-21
453,3.55731605316e-21
454,3.55731605316e-21
455,3.55731605316e-21
456,3.55731605316e-21
457,3.55731605316e-21
458,3.55731605316e-21
459,3.55731605316e-21
460,3.55731605316e-21
461,3.55731605316e-21
462,3.55731605316e-21
463,3.55731605316e-21
464,3.55731605316e-21
465,3.55731605316e-21
466,3.55731605316e-21
467,3.55731605316e-21
468,3.55731605316e-21
469,3.55731605316e-21
470,3.55731605316e-21
471,3.55731605316e-21
472,3.55731605316e-21
473,3.55731605316e-21
474,3.55731605316e-21
475,3.55731605316e-21
476,3.55731605316e-21
477,3.55731605316e-21
478,3.55731605316e-21
479,3.55731605316e-21
480,3.55731605316e-21
481,3.55731605316e-21
482,3.61651067243e-21
483,3.61651067243e-21
484,3.61651067243e-21
485,3.61651067243e-21
486,3.61651067243e-21
487,3.61651067243e-21
488,3.61651067243e-21
489,3.61651067243e-21
490,3.61651067243e-21
491,3.61651067243e-21
492,3.61651067243e-21
493,3.61651067243e-21
494,3.61651067243e-21
495,3.61651067243e-21
496,3.61651067243e-21
497,3.61651067243e-21
498,3.61651067243e-21
499,3.61651067243e-21
500,3.61651067243e-21
501,3.61651067243e-21
502,3.61651067243e-21
503,3.61651067243e-21
504,3.61651067243e-21
505,3.61651067243e-21
506,3.61651067243e-21
507,3.61651067243e-21
508,3.61651067243e-21
509,3.61651067243e-21
510,3.61651067243e-21
511,3.61651067243e-21
512,3.61651067243e-21
513,3.61651067243e-21
514,3.61651067243e-21
515,3.61651067243e-21
516,3.61651067243e-21
517,3.61651067243e-21
518,3.61651067243e-21
519,3.61651067243e-21
520,3.61651067243e-21
521,3.61651067243e-21
522,3.61651067243e-21
523,3.61651067243e-21
524,3.61651067243e-21
525,3.61651067243e-21
526,3.61651067243e-21
527,3.61651067243e-21
528,3.61651067243e-21
529,3.61651067243e-21
530,3.61651067243e-21
531,3.61651067243e-21
532,3.61651067243e-21
533,3.61651067243e-21
534,3.61651067243e-21
535,3.61651067243e-21
536,3.67148763617e-21
537,3.67148763617e-21
538,3.67148763617e-21
539,3.67148763617e-21
540,3.67148763617e-21
541,3.67148763617e-21
542,3.67148763617e-21
543,3.67148763617e-21
544,3.67148763617e-21
545,3.67148763617e-21
546,3.64390941138e-21
547,3.64390941138e-21
548,3.61674219105e-21
549,3.61674219105e-21
550,3.61674219105e-21
551,3.61674219105e-21
552,3.61674219105e-21
553,3.61674219105e-21
554,3.61674219105e-21
555,3.61674219105e-21
556,3.61674219105e-21
557,3.61674219105e-21
558,3.61674219105e-21
559,3.61674219105e-21
560,3.61674219105e-21
561,3.61674219105e-21
562,3.61674219105e-21
563,3.61674219105e-21
564,3.61674219105e-21
565,3.61674219105e-21
566,3.61674219105e-21
567,3.61674219105e-21
568,3.61674219105e-21
569,3.61674219105e-21
570,3.61674219105e-21
571,3.61674219105e-21
572,3.61674219105e-21
573,3.61674219105e-21
574,3.61674219105e-21
575,3.61674219105e-21
576,3.61674219105e-21
577,3.61674219105e-21
578,3.61674219105e-21
579,3.61674219105e-21
580,3.61674219105e-21
581,3.61674219105e-21
582,3.61674219105e-21
583,3.61674219105e-21
584,3.61674219105e-21
585,3.61674219105e-21
586,3.61674219105e-21
587,3.61674219105e-21
588,3.61674219105e-21
589,3.61674219105e-21
590,3.61674219105e-21
591,3.61674219105e-21
592,3.61674219105e-21
593,3.61674219105e-21
594,3.61674219105e-21
595,3.61674219105e-21
596,3.61674219105e-21
597,3.61674219105e-21
598,3.61674219105e-21
599,3.61674219105e-21
600,3.61674219105e-21
601,3.61674219105e-21
602,3.61674219105e-21
603,3.61674219105e-21
604,3.61674219105e-21
605,3.61674219105e-21
606,3.61674219105e-21
607,3.61674219105e-21
608,3.61674219105e-21
609,3.61674219105e-21
610,3.61674219105e-21
611,3.61674219105e-21
612,3.61674219105e-21
613,3.61674219105e-21
614,3.61674219105e-21
615,3.61674219105e-21
616,3.61674219105e-21
617,3.61674219105e-21
618,3.61674219105e-21
619,3.61674219105e-21
620,3.61674219105e-21
621,3.61674219105e-21
622,3.61674219105e-21
623,3.61674219105e-21
624,3.61674219105e-21
625,3.61674219105e-21
626,3.61674219105e-21
627,3.61674219105e-21
628,3.61674219105e-21
629,3.61674219105e-21
630,3.61674219105e-21
631,3.61674219105e-21
632,3.61674219105e-21
633,3.61674219105e-21
634,3.61674219105e-21
635,3.61674219105e-21
636,3.61674219105e-21
637,3.61674219105e-21
638,3.61674219105e-21
639,3.61674219105e-21
640,3.61674219105e-21
641,3.61674219105e-21
642,3.61674219105e-21
643,3.61674219105e-21
644,3.61674219105e-21
645,3.61674219105e-21
646,3.61674219105e-21
647,3.61674219105e-21
648,3.61674219105e-21
649,3.61674219105e-21
650,3.61674219105e-21
651,3.61674219105e-21
652,3.61674219105e-21
653,3.61674219105e-21
654,3.61674219105e-21
655,3.61674219105e-21
656,3.64390941138e-21
657,3.64390941138e-21
658,3.64390941138e-21
659,3.67148763617e-21
660,3.67148763617e-21
661,3.67148763617e-21
662,3.67148763617e-21
663,3.67148763617e-21
664,3.67148763617e-21
665,3.69948625813e-21
666,3.69948625813e-21
667,3.69948625813e-21
668,3.69948625813e-21
669,3.69948625813e-21
670,3.69948625813e-21
671,3.72791495817e-21
672,3.75678371655e-21
673,3.75678371655e-21
674,3.78610282455e-21
675,3.78610282455e-21
676,3.78610282455e-21
677,3.87687008461e-21
678,3.87687008461e-21
679,3.87687008461e-21
680,3.90810016357e-21
681,3.85225520588e-21
682,3.85225520588e-21
683,3.91607098001e-21
684,3.91607098001e-21
685,3.98203570719e-21
686,3.92110631623e-21
687,3.92110631623e-21
688,3.92110631623e-21
689,3.62788756249e-21
690,3.62788756249e-21
691,3.62788756249e-21
692,3.55118383462e-21
693,3.55118383462e-21
694,3.58249493527e-21
695,3.22676920527e-21
696,3.1208012201e-21
697,3.1208012201e-21
698,3.14935957289e-21
699,3.14935957289e-21
700,3.14935957289e-21
701,3.14935957289e-21
702,3.1208012201e-21
703,3.1208012201e-21
704,3.22676920527e-21
705,3.58249493527e-21
706,3.55118383462e-21
707,3.55118383462e-21
708,3.62788756249e-21
709,3.62788756249e-21
710,3.62788756249e-21
711,3.92110631623e-21
712,3.92110631623e-21
713,3.92110631623e-21
714,3.98203570719e-21
715,3.91607098001e-21
716,3.91607098001e-21
717,3.85225520588e-21
718,3.85225520588e-21
719,3.90810016357e-21
720,3.87687008461e-21
721,3.87687008461e-21
722,3.87687008461e-21
723,3.78610282455e-21
724,3.78610282455e-21
725,3.78610282455e-21
726,3.75678371655e-21
727,3.75678371655e-21
728,3.72791495817e-21
729,3.69948625813e-21
730,3.69948625813e-21
731,3.69948625813e-21
732,3.69948625813e-21
733,3.69948625813e-21
734,3.69948625813e-21
735,3.67148763617e-21
736,3.67148763617e-21
737,3.67148763617e-21
738,3.67148763617e-21
739,3.67148763617e-21
740,3.67148763617e-21
741,3.64390941138e-21
742,3.64390941138e-21
743,3.64390941138e-21
744,3.61674219105e-21
745,3.61674219105e-21
746,3.61674219105e-21
747,3.61674219105e-21
748,3.61674219105e-21
749,3.61674219105e-21
750,3.61674219105e-21
751,3.61674219105e-21
752,3.61674219105e-21
753,3.61674219105e-21
754,3.61674219105e-21
755,3.61674219105e-21
756,3.61674219105e-21
757,3.61674219105e-21
758,3.61674219105e-21
759,3.61674219105e-21
760,3.61674219105e-21
761,3.61674219105e-21
762,3.61674219105e-21
763,3.61674219105e-21
764,3.61674219105e-21
765,3.61674219105e-21
766,3.61674219105e-21
767,3.61674219105e-21
768,3.61674219105e-21
769,3.61674219105e-21
770,3.61674219105e-21
771,3.61674219105e-21
772,3.61674219105e-21
773,3.61674219105e-21
774,3.61674219105e-21
775,3.61674219105e-21
776,3.61674219105e-21
777,3.61674219105e-21
778,3.61674219105e-21
779,3.61674219105e-21
780,3.61674219105e-21
781,3.61674219105e-21
782,3.61674219105e-21
783,3.61674219105e-21
784,3.61674219105e-21
785,3.61674219105e-21
786,3.61674219105e-21
787,3.61674219105e-21
788,3.61674219105e-21
789,3.61674219105e-21
790,3.61674219105e-21
791,3.61674219105e-21
792,3.61674219105e-21
793,3.61674219105e-21
794,3.61674219105e-21
795,3.61674219105e-21
796,3.61674219105e-21
797,3.61674219105e-21
798,3.61674219105e-21
799,3.61674219105e-21
800,3.61674219105e-21
801,3.61674219105e-21
802,3.61674219105e-21
803,3.61674219105e-21
804,3.61674219105e-21
805,3.61674219105e-21
806,3.61674219105e-21
807,3.61674219105e-21
808,3.61674219105e-21
809,3.61674219105e-21
810,3.61674219105e-21
811,3.61674219105e-21
812,3.61674219105e-21
813,3.61674219105e-21
814,3.61674219105e-21
815,3.61674219105e-21
816,3.61674219105e-21
817,3.61674219105e-21
818,3.61674219105e-21
819,3.61674219105e-21
820,3.61674219105e-21
821,3.61674219105e-21
822,3.61674219105e-21
823,3.61674219105e-21
824,3.61674219105e-21
825,3.61674219105e-21
826,3.61674219105e-21
827,3.61674219105e-21
828,3.61674219105e-21
829,3.61674219105e-21
830,3.61674219105e-21
831,3.61674219105e-21
832,3.61674219105e-21
833,3.61674219105e-21
834,3.61674219105e-21
835,3.61674219105e-21
836,3.61674219105e-21
837,3.61674219105e-21
838,3.61674219105e-21
839,3.61674219105e-21
840,3.61674219105e-21
841,3.61674219105e-21
842,3.61674219105e-21
843,3.61674219105e-21
844,3.61674219105e-21
845,3.61674219105e-21
846,3.61674219105e-21
847,3.61674219105e-21
848,3.61674219105e-21
849,3.61674219105e-21
850,3.61674219105e-21
851,3.61674219105e-21
852,3.61674219105e-21
853,3.61674219105e-21
854,3.61674219105e-21
855,3.61674219105e-21
856,3.61674219105e-21
857,3.61674219105e-21
858,3.61674219105e-21
859,3.61674219105e-21
860,3.61674219105e-21
861,3.61674219105e-21
862,3.61674219105e-21
863,3.61674219105e-21
864,3.61674219105e-21
865,3.61674219105e-21
866,3.61674219105e-21
867,3.61674219105e-21
868,3.61674219105e-21
869,3.61674219105e-21
870,3.61674219105e-21
871,3.61674219105e-21
872,3.61674219105e-21
873,3.61674219105e-21
874,3.61674219105e-21
875,3.61674219105e-21
876,3.61674219105e-21
877,3.61674219105e-21
878,3.61674219105e-21
879,3.61674219105e-21
880,3.61674219105e-21
881,3.61674219105e-21
882,3.61674219105e-21
883,3.61674219105e-21
884,3.61674219105e-21
885,3.61674219105e-21
886,3.61674219105e-21
887,3.61674219105e-21
888,3.61674219105e-21
889,3.61674219105e-21
890,3.61674219105e-21
891,3.61674219105e-21
892,3.61674219105e-21
893,3.61674219105e-21
894,3.61674219105e-21
895,3.61674219105e-21
896,3.61674219105e-21
897,3.61674219105e-21
898,3.64390941138e-21
899,3.64390941138e-21
900,3.64390941138e-21
901,3.64390941138e-21
902,3.64390941138e-21
903,3.64390941138e-21
904,3.64390941138e-21
905,3.64390941138e-21
906,3.64390941138e-21
907,3.64390941138e-21
908,3.64390941138e-21
909,3.64390941138e-21
910,3.64390941138e-21
911,3.64390941138e-21
912,3.64390941138e-21
913,3.64390941138e-21
914,3.64390941138e-21
915,3.64390941138e-21
916,3.64390941138e-21
917,3.64390941138e-21
918,3.64390941138e-21
919,3.64390941138e-21
920,3.64390941138e-21
921,3.64390941138e-21
922,3.64390941138e-21
923,3.64390941138e-21
924,3.64390941138e-21
925,3.64390941138e-21
926,3.64390941138e-21
927,3.64390941138e-21
928,3.64390941138e-21
929,3.64390941138e-21
930,3.64390941138e-21
931,3.64390941138e-21
932,3.64390941138e-21
933,3.58905522243e-21
934,3.58905522243e-21
935,3.58905522243e-21
936,3.58905522243e-21
937,3.58905522243e-21
938,3.58905522243e-21
939,3.58905522243e-21
940,3.58905522243e-21
941,3.58905522243e-21
942,3.58905522243e-21
943,3.58905522243e-21
944,3.58905522243e-21
945,3.58905522243e-21
946,3.58905522243e-21
947,3.58905522243e-21
948,3.58905522243e-21
949,3.58905522243e-21
950,3.58905522243e-21
951,3.58905522243e-21
952,3.58905522243e-21
953,3.58905522243e-21
954,3.58905522243e-21
955,3.58905522243e-21
956,3.58905522243e-21
957,3.58905522243e-21
958,3.58905522243e-21
959,3.58905522243e-21
960,3.58905522243e-21
961,3.58905522243e-21
962,3.58905522243e-21
963,3.58905522243e-21
964,3.58905522243e-21
965,3.58905522243e-21
966,3.58905522243e-21
967,3.58905522243e-21
968,3.58905522243e-21
969,3.58905522243e-21
970,3.58905522243e-21
971,3.58905522243e-21
972,3.58905522243e-21
973,3.58905522243e-21
974,3.61651067243e-21
975,3.61651067243e-21
976,3.61651067243e-21
977,3.61651067243e-21
978,3.61651067243e-21
979,3.61651067243e-21
980,3.61651067243e-21
981,3.61651067243e-21
982,3.61651067243e-21
983,3.61651067243e-21
984,3.61651067243e-21
985,3.61651067243e-21
986,3.61651067243e-21
987,3.61651067243e-21
988,3.61651067243e-21
989,3.61651067243e-21
990,3.61651067243e-21
991,3.61651067243e-21
992,3.61651067243e-21
993,3.61651067243e-21
994,3.61651067243e-21
995,3.61651067243e-21
996,3.61651067243e-21
997,3.61651067243e-21
998,3.61651067243e-21
999,3.61651067243e-21
1000,3.61651067243e-21
1001,3.61651067243e-21
1002,3.61651067243e-21
1003,3.61651067243e-21
1004,3.61651067243e-21
1005,3.61651067243e-21
1006,3.61651067243e-21
1007,3.61651067243e-21
1008,3.61651067243e-21
1009,3.61651067243e-21
1010,3.61651067243e-21
1011,3.61651067243e-21
1012,3.61651067243e-21
1013,3.61651067243e-21
1014,3.61651067243e-21
1015,3.61651067243e-21
1016,3.61651067243e-21
1017,3.61651067243e-21
1018,3.61651067243e-21
1019,3.61651067243e-21
1020,3.61651067243e-21
1021,3.61651067243e-21
1022,3.64438925582e-21
1023,3.64438925582e-21
1024,3.64438925582e-21
1025,3.64438925582e-21
1026,3.64438925582e-21
1027,3.64438925582e-21
1028,3.64438925582e-21
1029,3.64438925582e-21
1030,3.5850342323e-21
1031,3.5850342323e-21
1032,3.5850342323e-21
1033,3.5850342323e-21
1034,3.5850342323e-21
1035,3.5850342323e-21
1036,3.5850342323e-21
1037,3.5850342323e-21
1038,3.5850342323e-21
1039,3.5850342323e-21
1040,3.5850342323e-21
1041,3.5850342323e-21
1042,3.5850342323e-21
1043,3.5850342323e-21
1044,3.5850342323e-21
1045,3.5850342323e-21
1046,3.5850342323e-21
1047,3.5850342323e-21
1048,3.5850342323e-21
1049,3.5850342323e-21
1050,3.5850342323e-21
1051,3.5850342323e-21
1052,3.5850342323e-21
1053,3.5850342323e-21
1054,3.5850342323e-21
1055,3.5850342323e-21
1056,3.5850342323e-21
1057,3.5850342323e-21
1058,3.5850342323e-21
1059,3.5850342323e-21
1060,3.5850342323e-21
1061,3.5850342323e-21
1062,3.5850342323e-21
1063,3.5850342323e-21
1064,3.5850342323e-21
1065,3.5850342323e-21
1066,3.5850342323e-21
1067,3.5850342323e-21
1068,3.5850342323e-21
1069,3.5850342323e-21
1070,3.64438925582e-21
1071,3.64438925582e-21
1072,3.64438925582e-21
1073,3.64438925582e-21
1074,3.64438925582e-21
1075,3.64438925582e-21
1076,3.64438925582e-21
1077,3.64438925582e-21
1078,3.61651067243e-21
1079,3.61651067243e-21
1080,3.61651067243e-21
1081,3.61651067243e-21
1082,3.61651067243e-21
1083,3.61651067243e-21
1084,3.61651067243e-21
1085,3.61651067243e-21
1086,3.61651067243e-21
1087,3.61651067243e-21
1088,3.61651067243e-21
1089,3.61651067243e-21
1090,3.61651067243e-21
1091,3.61651067243e-21
1092,3.61651067243e-21
1093,3.61651067243e-21
1094,3.61651067243e-21
1095,3.61651067243e-21
1096,3.61651067243e-21
1097,3.61651067243e-21
1098,3.61651067243e-21
1099,3.61651067243e-21
1100,3.61651067243e-21
1101,3.61651067243e-21
1102,3.61651067243e-21
1103,3.61651067243e-21
1104,3.61651067243e-21
1105,3.61651067243e-21
1106,3.61651067243e-21
1107,3.61651067243e-21
1108,3.61651067243e-21
1109,3.61651067243e-21
1110,3.61651067243e-21
1111,3.61651067243e-21
1112,3.61651067243e-21
1113,3.61651067243e-21
1114,3.61651067243e-21
1115,3.61651067243e-21
1116,3.61651067243e-21
1117,3.61651067243e-21
1118,3.61651067243e-21
1119,3.61651067243e-21
1120,3.61651067243e-21
1121,3.61651067243e-21
1122,3.61651067243e-21
1123,3.61651067243e-21
1124,3.61651067243e-21
1125,3.61651067243e-21
1126,3.58905522243e-21
1127,3.58905522243e-21
1128,3.58905522243e-21
1129,3.58905522243e-21
1130,3.58905522243e-21
1131,3.58905522243e-21
1132,3.58905522243e-21
1133,3.58905522243e-21
1134,3.58905522243e-21
1135,3.58905522243e-21
1136,3.58905522243e-21
1137,3.58905522243e-21
1138,3.58905522243e-21
1139,3.58905522243e-21
1140,3.58905522243e-21
1141,3.58905522243e-21
1142,3.58905522243e-21
1143,3.58905522243e-21
1144,3.58905522243e-21
1145,3.58905522243e-21
1146,3.58905522243e-21
1147,3.58905522243e-21
1148,3.58905522243e-21
1149,3.58905522243e-21
1150,3.58905522243e-21
1151,3.58905522243e-21
1152,3.58905522243e-21
1153,3.58905522243e-21
1154,3.58905522243e-21
1155,3.58905522243e-21
1156,3.58905522243e-21
1157,3.58905522243e-21
1158,3.58905522243e-21
1159,3.58905522243e-21
1160,3.58905522243e-21
1161,3.58905522243e-21
1162,3.58905522243e-21
1163,3.58905522243e-21
1164,3.58905522243e-21
1165,3.58905522243e-21
1166,3.58905522243e-21
1167,3.64390941138e-21
1168,3.64390941138e-21
1169,3.64390941138e-21
1170,3.64390941138e-21
1171,3.64390941138e-21
1172,3.64390941138e-21
1173,3.64390941138e-21
1174,3.64390941138e-21
1175,3.64390941138e-21
1176,3.64390941138e-21
1177,3.64390941138e-21
1178,3.64390941138e-21
1179,3.64390941138e-21
1180,3.64390941138e-21
1181,3.64390941138e-21
1182,3.64390941138e-21
1183,3.64390941138e-21
1184,3.64390941138e-21
1185,3.64390941138e-21
1186,3.64390941138e-21
1187,3.64390941138e-21
1188,3.64390941138e-21
1189,3.64390941138e-21
1190,3.64390941138e-21
1191,3.64390941138e-21
1192,3.64390941138e-21
1193,3.64390941138e-21
1194,3.64390941138e-21
1195,3.64390941138e-21
1196,3.64390941138e-21
1197,3.64390941138e-21
1198,3.64390941138e-21
1199,3.64390941138e-21
1200,3.64390941138e-21
1201,3.64390941138e-21
1202,3.61674219105e-21
1203,3.61674219105e-21
1204,3.61674219105e-21
1205,3.61674219105e-21
1206,3.61674219105e-21
1207,3.61674219105e-21
1208,3.61674219105e-21
1209,3.61674219105e-21
1210,3.61674219105e-21
1211,3.61674219105e-21
1212,3.61674219105e-21
1213,3.61674219105e-21
1214,3.61674219105e-21
1215,3.61674219105e-21
1216,3.61674219105e-21
1217,3.61674219105e-21
1218,3.61674219105e-21
1219,3.61674219105e-21
1220,3.61674219105e-21
1221,3.61674219105e-21
1222,3.61674219105e-21
1223,3.61674219105e-21
1224,3.61674219105e-21
1225,3.61674219105e-21
1226,3.61674219105e-21
1227,3.61674219105e-21
1228,3.61674219105e-21
1229,3.61674219105e-21
1230,3.61674219105e-21
1231,3.61674219105e-21
1232,3.61674219105e-21
1233,3.61674219105e-21
1234,3.61674219105e-21
1235,3.61674219105e-21
1236,3.61674219105e-21
1237,3.61674219105e-21
1238,3.61674219105e-21
1239,3.61674219105e-21
1240,3.61674219105e-21
1241,3.61674219105e-21
1242,3.61674219105e-21
1243,3.61674219105e-21
1244,3.61674219105e-21
1245,3.61674219105e-21
1246,3.61674219105e-21
1247,3.61674219105e-21
1248,3.61674219105e-21
1249,3.61674219105e-21
1250,3.61674219105e-21
1251,3.61674219105e-21
1252,3.61674219105e-21
1253,3.61674219105e-21
1254,3.61674219105e-21
1255,3.61674219105e-21
1256,3.61674219105e-21
1257,3.61674219105e-21
1258,3.61674219105e-21
1259,3.61674219105e-21
1260,3.61674219105e-21
1261,3.61674219105e-21
1262,3.61674219105e-21
1263,3.61674219105e-21
1264,3.61674219105e-21
1265,3.61674219105e-21
1266,3.61674219105e-21
1267,3.61674219105e-21
1268,3.61674219105e-21
1269,3.61674219105e-21
1270,3.61674219105e-21
1271,3.61674219105e-21
1272,3.61674219105e-21
1273,3.61674219105e-21
1274,3.61674219105e-21
1275,3.61674219105e-21
1276,3.61674219105e-21
1277,3.61674219105e-21
1278,3.61674219105e-21
1279,3.61674219105e-21
1280,3.61674219105e-21
1281,3.61674219105e-21
1282,3.61674219105e-21
1283,3.61674219105e-21
1284,3.61674219105e-21
1285,3.61674219105e-21
1286,3.61674219105e-21
1287,3.61674219105e-21
1288,3.61674219105e-21
1289,3.61674219105e-21
1290,3.61674219105e-21
1291,3.61674219105e-21
1292,3.61674219105e-21
1293,3.61674219105e-21
1294,3.61674219105e-21
1295,3.61674219105e-21
1296,3.61674219105e-21
1297,3.61674219105e-21
1298,3.61674219105e-21
1299,3.61674219105e-21
1300,3.61674219105e-21
1301,3.61674219105e-21
1302,3.61674219105e-21
1303,3.61674219105e-21
1304,3.61674219105e-21
1305,3.61674219105e-21
1306,3.61674219105e-21
1307,3.61674219105e-21
1308,3.61674219105e-21
1309,3.61674219105e-21
1310,3.61674219105e-21
1311,3.61674219105e-21
1312,3.61674219105e-21
1313,3.61674219105e-21
1314,3.61674219105e-21
1315,3.61674219105e-21
1316,3.61674219105e-21
1317,3.61674219105e-21
1318,3.61674219105e-21
1319,3.61674219105e-21
1320,3.61674219105e-21
1321,3.61674219105e-21
1322,3.61674219105e-21
1323,3.61674219105e-21
1324,3.61674219105e-21
1325,3.61674219105e-21
1326,3.61674219105e-21
1327,3.61674219105e-21
1328,3.61674219105e-21
1329,3.61674219105e-21
1330,3.61674219105e-21
1331,3.61674219105e-21
1332,3.61674219105e-21
1333,3.61674219105e-21
1334,3.61674219105e-21
1335,3.61674219105e-21
1336,3.61674219105e-21
1337,3.61674219105e-21
1338,3.61674219105e-21
1339,3.61674219105e-21
1340,3.61674219105e-21
1341,3.61674219105e-21
1342,3.61674219105e-21
1343,3.61674219105e-21
1344,3.61674219105e-21
1345,3.61674219105e-21
1346,3.61674219105e-21
1347,3.61674219105e-21
1348,3.61674219105e-21
1349,3.61674219105e-21
1350,3.61674219105e-21
1351,3.61674219105e-21
1352,3.61674219105e-21
1353,3.61674219105e-21
1354,3.61674219105e-21
1355,3.61674219105e-21
1356,3.61674219105e-21
1357,3.61674219105e-21
1358,3.61674219105e-21
1359,3.61674219105e-21
1360,3.61674219105e-21
1361,3.61674219105e-21
1362,3.61674219105e-21
1363,3.56201334868e-21
1364,3.56201334868e-21
1365,3.56201334868e-21
1366,3.56201334868e-21
1367,3.56201334868e-21
1368,3.56201334868e-21
1369,3.56201334868e-21
1370,3.56201334868e-21
1371,3.56201334868e-21
1372,3.56201334868e-21
1373,3.56201334868e-21
1374,3.50314565206e-21
1375,3.43975862706e-21
1376,3.43975862706e-21
1377,3.46642803152e-21
1378,3.46642803152e-21
1379,3.37391258871e-21
1380,3.37391258871e-21
1381,3.37391258871e-21
1382,3.37391258871e-21
1383,3.40035788196e-21
1384,3.40035788196e-21
1385,3.40035788196e-21
1386,3.25057726097e-21
1387,3.25057726097e-21
1388,3.25057726097e-21
1389,3.16612174419e-21
1390,3.19197299815e-21
1391,3.19197299815e-21
1392,3.19197299815e-21
1393,3.19197299815e-21
1394,3.19197299815e-21
1395,3.1254355024e-21
1396,3.02408493223e-21
1397,2.91299001421e-21
1398,2.79063660571e-21
1399,2.79063660571e-21
