0,-2.22911966663e-19
1,-2.228637799e-19
2,-2.228637799e-19
3,-2.228637799e-19
4,-2.22816351983e-19
5,-2.23616698075e-19
6,-2.23616698075e-19
7,-2.23616698075e-19
8,-2.23616698075e-19
9,-2.23616698075e-19
10,-2.23616698075e-19
11,-2.23616698075e-19
12,-2.23616698075e-19
13,-2.23616698075e-19
14,-2.23616698075e-19
15,-2.244046357e-19
16,-2.244046357e-19
17,-2.25180451209e-19
18,-2.25180451209e-19
19,-2.25116786959e-19
20,-2.25116786959e-19
21,-2.25116786959e-19
22,-2.25116786959e-19
23,-2.25116786959e-19
24,-2.25116786959e-19
25,-2.25116786959e-19
26,-2.25054087319e-19
27,-2.25054087319e-19
28,-2.25054087319e-19
29,-2.25054087319e-19
30,-2.25054087319e-19
31,-2.25054087319e-19
32,-2.25054087319e-19
33,-2.25054087319e-19
34,-2.25054087319e-19
35,-2.25054087319e-19
36,-2.25054087319e-19
37,-2.25054087319e-19
38,-2.25054087319e-19
39,-2.25054087319e-19
40,-2.25054087319e-19
41,-2.25054087319e-19
42,-2.25054087319e-19
43,-2.25054087319e-19
44,-2.25054087319e-19
45,-2.25054087319e-19
46,-2.25054087319e-19
47,-2.25054087319e-19
48,-2.25054087319e-19
49,-2.25054087319e-19
50,-2.25054087319e-19
51,-2.25054087319e-19
52,-2.25054087319e-19
53,-2.25054087319e-19
54,-2.25054087319e-19
55,-2.25054087319e-19
56,-2.25054087319e-19
57,-2.25054087319e-19
58,-2.25054087319e-19
59,-2.25054087319e-19
60,-2.25054087319e-19
61,-2.25054087319e-19
62,-2.25054087319e-19
63,-2.25054087319e-19
64,-2.25054087319e-19
65,-2.25054087319e-19
66,-2.25054087319e-19
67,-2.25054087319e-19
68,-2.25054087319e-19
69,-2.25054087319e-19
70,-2.25054087319e-19
71,-2.25054087319e-19
72,-2.25054087319e-19
73,-2.25054087319e-19
74,-2.25054087319e-19
75,-2.25054087319e-19
76,-2.25054087319e-19
77,-2.25054087319e-19
78,-2.25054087319e-19
79,-2.25054087319e-19
80,-2.25054087319e-19
81,-2.25054087319e-19
82,-2.25054087319e-19
83,-2.25054087319e-19
84,-2.25054087319e-19
85,-2.25054087319e-19
86,-2.25054087319e-19
87,-2.25054087319e-19
88,-2.25054087319e-19
89,-2.25054087319e-19
90,-2.25054087319e-19
91,-2.25054087319e-19
92,-2.25054087319e-19
93,-2.25054087319e-19
94,-2.25054087319e-19
95,-2.25054087319e-19
96,-2.25054087319e-19
97,-2.25054087319e-19
98,-2.25054087319e-19
99,-2.25054087319e-19
100,-2.25054087319e-19
101,-2.25054087319e-19
102,-2.25054087319e-19
103,-2.25054087319e-19
104,-2.25054087319e-19
105,-2.25054087319e-19
106,-2.25054087319e-19
107,-2.25054087319e-19
108,-2.25054087319e-19
109,-2.25054087319e-19
110,-2.25054087319e-19
111,-2.25054087319e-19
112,-2.25054087319e-19
113,-2.25054087319e-19
114,-2.25054087319e-19
115,-2.25054087319e-19
116,-2.25054087319e-19
117,-2.25054087319e-19
118,-2.25054087319e-19
119,-2.25054087319e-19
120,-2.25054087319e-19
121,-2.25054087319e-19
122,-2.25054087319e-19
123,-2.25054087319e-19
124,-2.25054087319e-19
125,-2.25054087319e-19
126,-2.25054087319e-19
127,-2.25054087319e-19
128,-2.25054087319e-19
129,-2.25054087319e-19
130,-2.25054087319e-19
131,-2.25054087319e-19
132,-2.25054087319e-19
133,-2.25054087319e-19
134,-2.25054087319e-19
135,-2.25054087319e-19
136,-2.25054087319e-19
137,-2.25054087319e-19
138,-2.25054087319e-19
139,-2.25054087319e-19
140,-2.25054087319e-19
141,-2.25054087319e-19
142,-2.25054087319e-19
143,-2.25054087319e-19
144,-2.25054087319e-19
145,-2.25054087319e-19
146,-2.25054087319e-19
147,-2.25054087319e-19
148,-2.25054087319e-19
149,-2.25054087319e-19
150,-2.25054087319e-19
151,-2.25054087319e-19
152,-2.25116786959e-19
153,-2.25116786959e-19
154,-2.25180451209e-19
155,-2.25180451209e-19
156,-2.25180451209e-19
157,-2.25180451209e-19
158,-2.25180451209e-19
159,-2.25180451209e-19
160,-2.25180451209e-19
161,-2.25180451209e-19
162,-2.25180451209e-19
163,-2.25180451209e-19
164,-2.244046357e-19
165,-2.244046357e-19
166,-2.244046357e-19
167,-2.244046357e-19
168,-2.244046357e-19
169,-2.244046357e-19
170,-2.244046357e-19
171,-2.244046357e-19
172,-2.244046357e-19
173,-2.244046357e-19
174,-2.244046357e-19
175,-2.244046357e-19
176,-2.244046357e-19
177,-2.244046357e-19
178,-2.244046357e-19
179,-2.244046357e-19
180,-2.244046357e-19
181,-2.244046357e-19
182,-2.244046357e-19
183,-2.244046357e-19
184,-2.244046357e-19
185,-2.244046357e-19
186,-2.244046357e-19
187,-2.244046357e-19
188,-2.244046357e-19
189,-2.244046357e-19
190,-2.244046357e-19
191,-2.244046357e-19
192,-2.244046357e-19
193,-2.244046357e-19
194,-2.244046357e-19
195,-2.244046357e-19
196,-2.244046357e-19
197,-2.244046357e-19
198,-2.244046357e-19
199,-2.244046357e-19
200,-2.244046357e-19
201,-2.244046357e-19
202,-2.244046357e-19
203,-2.244046357e-19
204,-2.244046357e-19
205,-2.244046357e-19
206,-2.244046357e-19
207,-2.244046357e-19
208,-2.244046357e-19
209,-2.244046357e-19
210,-2.244046357e-19
211,-2.244046357e-19
212,-2.244046357e-19
213,-2.244046357e-19
214,-2.244046357e-19
215,-2.244046357e-19
216,-2.244046357e-19
217,-2.244046357e-19
218,-2.23616698075e-19
219,-2.23616698075e-19
220,-2.23616698075e-19
221,-2.23616698075e-19
222,-2.23616698075e-19
223,-2.23616698075e-19
224,-2.23616698075e-19
225,-2.23616698075e-19
226,-2.23616698075e-19
227,-2.23616698075e-19
228,-2.23616698075e-19
229,-2.23616698075e-19
230,-2.23616698075e-19
231,-2.23616698075e-19
232,-2.23616698075e-19
233,-2.23616698075e-19
234,-2.23616698075e-19
235,-2.23616698075e-19
236,-2.23616698075e-19
237,-2.23616698075e-19
238,-2.23616698075e-19
239,-2.23616698075e-19
240,-2.23616698075e-19
241,-2.23616698075e-19
242,-2.23616698075e-19
243,-2.23616698075e-19
244,-2.23616698075e-19
245,-2.23616698075e-19
246,-2.23616698075e-19
247,-2.23616698075e-19
248,-2.23616698075e-19
249,-2.23616698075e-19
250,-2.23670054481e-19
251,-2.23670054481e-19
252,-2.23670054481e-19
253,-2.23670054481e-19
254,-2.23670054481e-19
255,-2.23670054481e-19
256,-2.23670054481e-19
257,-2.23670054481e-19
258,-2.23670054481e-19
259,-2.23670054481e-19
260,-2.23670054481e-19
261,-2.23670054481e-19
262,-2.23670054481e-19
263,-2.23670054481e-19
264,-2.23670054481e-19
265,-2.23670054481e-19
266,-2.23670054481e-19
267,-2.23670054481e-19
268,-2.23670054481e-19
269,-2.23670054481e-19
270,-2.23670054481e-19
271,-2.23670054481e-19
272,-2.23670054481e-19
273,-2.23670054481e-19
274,-2.23670054481e-19
275,-2.23670054481e-19
276,-2.23670054481e-19
277,-2.23670054481e-19
278,-2.23670054481e-19
279,-2.23670054481e-19
280,-2.23670054481e-19
281,-2.23670054481e-19
282,-2.23670054481e-19
283,-2.23670054481e-19
284,-2.23670054481e-19
285,-2.23670054481e-19
286,-2.23670054481e-19
287,-2.23670054481e-19
288,-2.23670054481e-19
289,-2.23670054481e-19
290,-2.23670054481e-19
291,-2.23670054481e-19
292,-2.23670054481e-19
293,-2.23670054481e-19
294,-2.23670054481e-19
295,-2.23670054481e-19
296,-2.23670054481e-19
297,-2.23670054481e-19
298,-2.23670054481e-19
299,-2.23670054481e-19
300,-2.23670054481e-19
301,-2.23670054481e-19
302,-2.23670054481e-19
303,-2.23670054481e-19
304,-2.23670054481e-19
305,-2.23670054481e-19
306,-2.23670054481e-19
307,-2.23724257814e-19
308,-2.23724257814e-19
309,-2.23724257814e-19
310,-2.23724257814e-19
311,-2.23724257814e-19
312,-2.23724257814e-19
313,-2.23724257814e-19
314,-2.23724257814e-19
315,-2.23724257814e-19
316,-2.23724257814e-19
317,-2.23724257814e-19
318,-2.23724257814e-19
319,-2.23724257814e-19
320,-2.23724257814e-19
321,-2.23724257814e-19
322,-2.23724257814e-19
323,-2.23724257814e-19
324,-2.23724257814e-19
325,-2.23724257814e-19
326,-2.23724257814e-19
327,-2.23724257814e-19
328,-2.22911966663e-19
329,-2.22911966663e-19
330,-2.22911966663e-19
331,-2.22911966663e-19
332,-2.22911966663e-19
333,-2.22911966663e-19
334,-2.22911966663e-19
335,-2.22911966663e-19
336,-2.22911966663e-19
337,-2.22911966663e-19
338,-2.22911966663e-19
339,-2.22911966663e-19
340,-2.22911966663e-19
341,-2.22911966663e-19
342,-2.22911966663e-19
343,-2.22911966663e-19
344,-2.22911966663e-19
345,-2.22911966663e-19
346,-2.22911966663e-19
347,-2.22911966663e-19
348,-2.22911966663e-19
349,-2.22911966663e-19
350,-2.22911966663e-19
351,-2.22911966663e-19
352,-2.22911966663e-19
353,-2.22911966663e-19
354,-2.22911966663e-19
355,-2.22911966663e-19
356,-2.22911966663e-19
357,-2.22911966663e-19
358,-2.22911966663e-19
359,-2.22911966663e-19
360,-2.22911966663e-19
361,-2.22911966663e-19
362,-2.22911966663e-19
363,-2.22911966663e-19
364,-2.22911966663e-19
365,-2.22911966663e-19
366,-2.22911966663e-19
367,-2.22911966663e-19
368,-2.22911966663e-19
369,-2.22911966663e-19
370,-2.22911966663e-19
371,-2.22911966663e-19
372,-2.23724257814e-19
373,-2.23724257814e-19
374,-2.23724257814e-19
375,-2.23724257814e-19
376,-2.23724257814e-19
377,-2.23724257814e-19
378,-2.23724257814e-19
379,-2.23724257814e-19
380,-2.23724257814e-19
381,-2.23724257814e-19
382,-2.23724257814e-19
383,-2.23724257814e-19
384,-2.23724257814e-19
385,-2.23724257814e-19
386,-2.23724257814e-19
387,-2.23724257814e-19
388,-2.23724257814e-19
389,-2.23724257814e-19
390,-2.23724257814e-19
391,-2.23724257814e-19
392,-2.23724257814e-19
393,-2.23670054481e-19
394,-2.23670054481e-19
395,-2.23670054481e-19
396,-2.23670054481e-19
397,-2.23670054481e-19
398,-2.23670054481e-19
399,-2.23670054481e-19
400,-2.23670054481e-19
401,-2.23670054481e-19
402,-2.23670054481e-19
403,-2.23670054481e-19
404,-2.23670054481e-19
405,-2.23670054481e-19
406,-2.23670054481e-19
407,-2.23670054481e-19
408,-2.23670054481e-19
409,-2.23670054481e-19
410,-2.23670054481e-19
411,-2.23670054481e-19
412,-2.23670054481e-19
413,-2.23670054481e-19
414,-2.23670054481e-19
415,-2.23670054481e-19
416,-2.23670054481e-19
417,-2.23670054481e-19
418,-2.23670054481e-19
419,-2.23670054481e-19
420,-2.23670054481e-19
421,-2.23670054481e-19
422,-2.23670054481e-19
423,-2.23670054481e-19
424,-2.23670054481e-19
425,-2.23670054481e-19
426,-2.23670054481e-19
427,-2.23670054481e-19
428,-2.23670054481e-19
429,-2.23670054481e-19
430,-2.23670054481e-19
431,-2.23670054481e-19
432,-2.23670054481e-19
433,-2.23670054481e-19
434,-2.23670054481e-19
435,-2.23670054481e-19
436,-2.23670054481e-19
437,-2.23670054481e-19
438,-2.23670054481e-19
439,-2.23670054481e-19
440,-2.23670054481e-19
441,-2.23670054481e-19
442,-2.23670054481e-19
443,-2.23670054481e-19
444,-2.23670054481e-19
445,-2.23670054481e-19
446,-2.23670054481e-19
447,-2.23670054481e-19
448,-2.23670054481e-19
449,-2.23670054481e-19
450,-2.23616698075e-19
451,-2.23616698075e-19
452,-2.23616698075e-19
453,-2.23616698075e-19
454,-2.23616698075e-19
455,-2.23616698075e-19
456,-2.23616698075e-19
457,-2.23616698075e-19
458,-2.23616698075e-19
459,-2.23616698075e-19
460,-2.23616698075e-19
461,-2.23616698075e-19
462,-2.23616698075e-19
463,-2.23616698075e-19
464,-2.23616698075e-19
465,-2.23616698075e-19
466,-2.23616698075e-19
467,-2.23616698075e-19
468,-2.23616698075e-19
469,-2.23616698075e-19
470,-2.23616698075e-19
471,-2.23616698075e-19
472,-2.23616698075e-19
473,-2.23616698075e-19
474,-2.23616698075e-19
475,-2.23616698075e-19
476,-2.23616698075e-19
477,-2.23616698075e-19
478,-2.23616698075e-19
479,-2.23616698075e-19
480,-2.23616698075e-19
481,-2.23616698075e-19
482,-2.244046357e-19
483,-2.244046357e-19
484,-2.244046357e-19
485,-2.244046357e-19
486,-2.244046357e-19
487,-2.244046357e-19
488,-2.244046357e-19
489,-2.244046357e-19
490,-2.244046357e-19
491,-2.244046357e-19
492,-2.244046357e-19
493,-2.244046357e-19
494,-2.244046357e-19
495,-2.244046357e-19
496,-2.244046357e-19
497,-2.244046357e-19
498,-2.244046357e-19
499,-2.244046357e-19
500,-2.244046357e-19
501,-2.244046357e-19
502,-2.244046357e-19
503,-2.244046357e-19
504,-2.244046357e-19
505,-2.244046357e-19
506,-2.244046357e-19
507,-2.244046357e-19
508,-2.244046357e-19
509,-2.244046357e-19
510,-2.244046357e-19
511,-2.244046357e-19
512,-2.244046357e-19
513,-2.244046357e-19
514,-2.244046357e-19
515,-2.244046357e-19
516,-2.244046357e-19
517,-2.244046357e-19
518,-2.244046357e-19
519,-2.244046357e-19
520,-2.244046357e-19
521,-2.244046357e-19
522,-2.244046357e-19
523,-2.244046357e-19
524,-2.244046357e-19
525,-2.244046357e-19
526,-2.244046357e-19
527,-2.244046357e-19
528,-2.244046357e-19
529,-2.244046357e-19
530,-2.244046357e-19
531,-2.244046357e-19
532,-2.244046357e-19
533,-2.244046357e-19
534,-2.244046357e-19
535,-2.244046357e-19
536,-2.25180451209e-19
537,-2.25180451209e-19
538,-2.25180451209e-19
539,-2.25180451209e-19
540,-2.25180451209e-19
541,-2.25180451209e-19
542,-2.25180451209e-19
543,-2.25180451209e-19
544,-2.25180451209e-19
545,-2.25180451209e-19
546,-2.25116786959e-19
547,-2.25116786959e-19
548,-2.25054087319e-19
549,-2.25054087319e-19
550,-2.25054087319e-19
551,-2.25054087319e-19
552,-2.25054087319e-19
553,-2.25054087319e-19
554,-2.25054087319e-19
555,-2.25054087319e-19
556,-2.25054087319e-19
557,-2.25054087319e-19
558,-2.25054087319e-19
559,-2.25054087319e-19
560,-2.25054087319e-19
561,-2.25054087319e-19
562,-2.25054087319e-19
563,-2.25054087319e-19
564,-2.25054087319e-19
565,-2.25054087319e-19
566,-2.25054087319e-19
567,-2.25054087319e-19
568,-2.25054087319e-19
569,-2.25054087319e-19
570,-2.25054087319e-19
571,-2.25054087319e-19
572,-2.25054087319e-19
573,-2.25054087319e-19
574,-2.25054087319e-19
575,-2.25054087319e-19
576,-2.25054087319e-19
577,-2.25054087319e-19
578,-2.25054087319e-19
579,-2.25054087319e-19
580,-2.25054087319e-19
581,-2.25054087319e-19
582,-2.25054087319e-19
583,-2.25054087319e-19
584,-2.25054087319e-19
585,-2.25054087319e-19
586,-2.25054087319e-19
587,-2.25054087319e-19
588,-2.25054087319e-19
589,-2.25054087319e-19
590,-2.25054087319e-19
591,-2.25054087319e-19
592,-2.25054087319e-19
593,-2.25054087319e-19
594,-2.25054087319e-19
595,-2.25054087319e-19
596,-2.25054087319e-19
597,-2.25054087319e-19
598,-2.25054087319e-19
599,-2.25054087319e-19
600,-2.25054087319e-19
601,-2.25054087319e-19
602,-2.25054087319e-19
603,-2.25054087319e-19
604,-2.25054087319e-19
605,-2.25054087319e-19
606,-2.25054087319e-19
607,-2.25054087319e-19
608,-2.25054087319e-19
609,-2.25054087319e-19
610,-2.25054087319e-19
611,-2.25054087319e-19
612,-2.25054087319e-19
613,-2.25054087319e-19
614,-2.25054087319e-19
615,-2.25054087319e-19
616,-2.25054087319e-19
617,-2.25054087319e-19
618,-2.25054087319e-19
619,-2.25054087319e-19
620,-2.25054087319e-19
621,-2.25054087319e-19
622,-2.25054087319e-19
623,-2.25054087319e-19
624,-2.25054087319e-19
625,-2.25054087319e-19
626,-2.25054087319e-19
627,-2.25054087319e-19
628,-2.25054087319e-19
629,-2.25054087319e-19
630,-2.25054087319e-19
631,-2.25054087319e-19
632,-2.25054087319e-19
633,-2.25054087319e-19
634,-2.25054087319e-19
635,-2.25054087319e-19
636,-2.25054087319e-19
637,-2.25054087319e-19
638,-2.25054087319e-19
639,-2.25054087319e-19
640,-2.25054087319e-19
641,-2.25054087319e-19
642,-2.25054087319e-19
643,-2.25054087319e-19
644,-2.25054087319e-19
645,-2.25054087319e-19
646,-2.25054087319e-19
647,-2.25054087319e-19
648,-2.25054087319e-19
649,-2.25054087319e-19
650,-2.25054087319e-19
651,-2.25054087319e-19
652,-2.25054087319e-19
653,-2.25054087319e-19
654,-2.25054087319e-19
655,-2.25054087319e-19
656,-2.25116786959e-19
657,-2.25116786959e-19
658,-2.25116786959e-19
659,-2.25180451209e-19
660,-2.25180451209e-19
661,-2.25180451209e-19
662,-2.25180451209e-19
663,-2.25180451209e-19
664,-2.25180451209e-19
665,-2.25245102501e-19
666,-2.25245102501e-19
667,-2.25245102501e-19
668,-2.25245102501e-19
669,-2.25245102501e-19
670,-2.25245102501e-19
671,-2.2531076397e-19
672,-2.25377459477e-19
673,-2.25377459477e-19
674,-2.25445213644e-19
675,-2.25445213644e-19
676,-2.25445213644e-19
677,-2.25655086306e-19
678,-2.25655086306e-19
679,-2.25655086306e-19
680,-2.2572733755e-19
681,-2.24904748177e-19
682,-2.24904748177e-19
683,-2.2504028286e-19
684,-2.2504028286e-19
685,-2.25180451209e-19
686,-2.24317690859e-19
687,-2.24317690859e-19
688,-2.24317690859e-19
689,-2.27488848691e-19
690,-2.27488848691e-19
691,-2.27488848691e-19
692,-2.26608021637e-19
693,-2.26608021637e-19
694,-2.26696817883e-19
695,-2.28091589117e-19
696,-2.27166169473e-19
697,-2.27166169473e-19
698,-2.27265455386e-19
699,-2.27265455386e-19
700,-2.27265455386e-19
701,-2.27265455386e-19
702,-2.27166169473e-19
703,-2.27166169473e-19
704,-2.28091589117e-19
705,-2.26696817883e-19
706,-2.26608021637e-19
707,-2.26608021637e-19
708,-2.27488848691e-19
709,-2.27488848691e-19
710,-2.27488848691e-19
711,-2.24317690859e-19
712,-2.24317690859e-19
713,-2.24317690859e-19
714,-2.25180451209e-19
715,-2.2504028286e-19
716,-2.2504028286e-19
717,-2.24904748177e-19
718,-2.24904748177e-19
719,-2.2572733755e-19
720,-2.25655086306e-19
721,-2.25655086306e-19
722,-2.25655086306e-19
723,-2.25445213644e-19
724,-2.25445213644e-19
725,-2.25445213644e-19
726,-2.25377459477e-19
727,-2.25377459477e-19
728,-2.2531076397e-19
729,-2.25245102501e-19
730,-2.25245102501e-19
731,-2.25245102501e-19
732,-2.25245102501e-19
733,-2.25245102501e-19
734,-2.25245102501e-19
735,-2.25180451209e-19
736,-2.25180451209e-19
737,-2.25180451209e-19
738,-2.25180451209e-19
739,-2.25180451209e-19
740,-2.25180451209e-19
741,-2.25116786959e-19
742,-2.25116786959e-19
743,-2.25116786959e-19
744,-2.25054087319e-19
745,-2.25054087319e-19
746,-2.25054087319e-19
747,-2.25054087319e-19
748,-2.25054087319e-19
749,-2.25054087319e-19
750,-2.25054087319e-19
751,-2.25054087319e-19
752,-2.25054087319e-19
753,-2.25054087319e-19
754,-2.25054087319e-19
755,-2.25054087319e-19
756,-2.25054087319e-19
757,-2.25054087319e-19
758,-2.25054087319e-19
759,-2.25054087319e-19
760,-2.25054087319e-19
761,-2.25054087319e-19
762,-2.25054087319e-19
763,-2.25054087319e-19
764,-2.25054087319e-19
765,-2.25054087319e-19
766,-2.25054087319e-19
767,-2.25054087319e-19
768,-2.25054087319e-19
769,-2.25054087319e-19
770,-2.25054087319e-19
771,-2.25054087319e-19
772,-2.25054087319e-19
773,-2.25054087319e-19
774,-2.25054087319e-19
775,-2.25054087319e-19
776,-2.25054087319e-19
777,-2.25054087319e-19
778,-2.25054087319e-19
779,-2.25054087319e-19
780,-2.25054087319e-19
781,-2.25054087319e-19
782,-2.25054087319e-19
783,-2.25054087319e-19
784,-2.25054087319e-19
785,-2.25054087319e-19
786,-2.25054087319e-19
787,-2.25054087319e-19
788,-2.25054087319e-19
789,-2.25054087319e-19
790,-2.25054087319e-19
791,-2.25054087319e-19
792,-2.25054087319e-19
793,-2.25054087319e-19
794,-2.25054087319e-19
795,-2.25054087319e-19
796,-2.25054087319e-19
797,-2.25054087319e-19
798,-2.25054087319e-19
799,-2.25054087319e-19
800,-2.25054087319e-19
801,-2.25054087319e-19
802,-2.25054087319e-19
803,-2.25054087319e-19
804,-2.25054087319e-19
805,-2.25054087319e-19
806,-2.25054087319e-19
807,-2.25054087319e-19
808,-2.25054087319e-19
809,-2.25054087319e-19
810,-2.25054087319e-19
811,-2.25054087319e-19
812,-2.25054087319e-19
813,-2.25054087319e-19
814,-2.25054087319e-19
815,-2.25054087319e-19
816,-2.25054087319e-19
817,-2.25054087319e-19
818,-2.25054087319e-19
819,-2.25054087319e-19
820,-2.25054087319e-19
821,-2.25054087319e-19
822,-2.25054087319e-19
823,-2.25054087319e-19
824,-2.25054087319e-19
825,-2.25054087319e-19
826,-2.25054087319e-19
827,-2.25054087319e-19
828,-2.25054087319e-19
829,-2.25054087319e-19
830,-2.25054087319e-19
831,-2.25054087319e-19
832,-2.25054087319e-19
833,-2.25054087319e-19
834,-2.25054087319e-19
835,-2.25054087319e-19
836,-2.25054087319e-19
837,-2.25054087319e-19
838,-2.25054087319e-19
839,-2.25054087319e-19
840,-2.25054087319e-19
841,-2.25054087319e-19
842,-2.25054087319e-19
843,-2.25054087319e-19
844,-2.25054087319e-19
845,-2.25054087319e-19
846,-2.25054087319e-19
847,-2.25054087319e-19
848,-2.25054087319e-19
849,-2.25054087319e-19
850,-2.25054087319e-19
851,-2.25054087319e-19
852,-2.25054087319e-19
853,-2.25054087319e-19
854,-2.25054087319e-19
855,-2.25054087319e-19
856,-2.25054087319e-19
857,-2.25054087319e-19
858,-2.25054087319e-19
859,-2.25054087319e-19
860,-2.25054087319e-19
861,-2.25054087319e-19
862,-2.25054087319e-19
863,-2.25054087319e-19
864,-2.25054087319e-19
865,-2.25054087319e-19
866,-2.25054087319e-19
867,-2.25054087319e-19
868,-2.25054087319e-19
869,-2.25054087319e-19
870,-2.25054087319e-19
871,-2.25054087319e-19
872,-2.25054087319e-19
873,-2.25054087319e-19
874,-2.25054087319e-19
875,-2.25054087319e-19
876,-2.25054087319e-19
877,-2.25054087319e-19
878,-2.25054087319e-19
879,-2.25054087319e-19
880,-2.25054087319e-19
881,-2.25054087319e-19
882,-2.25054087319e-19
883,-2.25054087319e-19
884,-2.25054087319e-19
885,-2.25054087319e-19
886,-2.25054087319e-19
887,-2.25054087319e-19
888,-2.25054087319e-19
889,-2.25054087319e-19
890,-2.25054087319e-19
891,-2.25054087319e-19
892,-2.25054087319e-19
893,-2.25054087319e-19
894,-2.25054087319e-19
895,-2.25054087319e-19
896,-2.25054087319e-19
897,-2.25054087319e-19
898,-2.25116786959e-19
899,-2.25116786959e-19
900,-2.25116786959e-19
901,-2.25116786959e-19
902,-2.25116786959e-19
903,-2.25116786959e-19
904,-2.25116786959e-19
905,-2.25116786959e-19
906,-2.25116786959e-19
907,-2.25116786959e-19
908,-2.25116786959e-19
909,-2.25116786959e-19
910,-2.25116786959e-19
911,-2.25116786959e-19
912,-2.25116786959e-19
913,-2.25116786959e-19
914,-2.25116786959e-19
915,-2.25116786959e-19
916,-2.25116786959e-19
917,-2.25116786959e-19
918,-2.25116786959e-19
919,-2.25116786959e-19
920,-2.25116786959e-19
921,-2.25116786959e-19
922,-2.25116786959e-19
923,-2.25116786959e-19
924,-2.25116786959e-19
925,-2.25116786959e-19
926,-2.25116786959e-19
927,-2.25116786959e-19
928,-2.25116786959e-19
929,-2.25116786959e-19
930,-2.25116786959e-19
931,-2.25116786959e-19
932,-2.25116786959e-19
933,-2.24346449537e-19
934,-2.24346449537e-19
935,-2.24346449537e-19
936,-2.24346449537e-19
937,-2.24346449537e-19
938,-2.24346449537e-19
939,-2.24346449537e-19
940,-2.24346449537e-19
941,-2.24346449537e-19
942,-2.24346449537e-19
943,-2.24346449537e-19
944,-2.24346449537e-19
945,-2.24346449537e-19
946,-2.24346449537e-19
947,-2.24346449537e-19
948,-2.24346449537e-19
949,-2.24346449537e-19
950,-2.24346449537e-19
951,-2.24346449537e-19
952,-2.24346449537e-19
953,-2.24346449537e-19
954,-2.24346449537e-19
955,-2.24346449537e-19
956,-2.24346449537e-19
957,-2.24346449537e-19
958,-2.24346449537e-19
959,-2.24346449537e-19
960,-2.24346449537e-19
961,-2.24346449537e-19
962,-2.24346449537e-19
963,-2.24346449537e-19
964,-2.24346449537e-19
965,-2.24346449537e-19
966,-2.24346449537e-19
967,-2.24346449537e-19
968,-2.24346449537e-19
969,-2.24346449537e-19
970,-2.24346449537e-19
971,-2.24346449537e-19
972,-2.24346449537e-19
973,-2.24346449537e-19
974,-2.244046357e-19
975,-2.244046357e-19
976,-2.244046357e-19
977,-2.244046357e-19
978,-2.244046357e-19
979,-2.244046357e-19
980,-2.244046357e-19
981,-2.244046357e-19
982,-2.244046357e-19
983,-2.244046357e-19
984,-2.244046357e-19
985,-2.244046357e-19
986,-2.244046357e-19
987,-2.244046357e-19
988,-2.244046357e-19
989,-2.244046357e-19
990,-2.244046357e-19
991,-2.244046357e-19
992,-2.244046357e-19
993,-2.244046357e-19
994,-2.244046357e-19
995,-2.244046357e-19
996,-2.244046357e-19
997,-2.244046357e-19
998,-2.244046357e-19
999,-2.244046357e-19
1000,-2.244046357e-19
1001,-2.244046357e-19
1002,-2.244046357e-19
1003,-2.244046357e-19
1004,-2.244046357e-19
1005,-2.244046357e-19
1006,-2.244046357e-19
1007,-2.244046357e-19
1008,-2.244046357e-19
1009,-2.244046357e-19
1010,-2.244046357e-19
1011,-2.244046357e-19
1012,-2.244046357e-19
1013,-2.244046357e-19
1014,-2.244046357e-19
1015,-2.244046357e-19
1016,-2.244046357e-19
1017,-2.244046357e-19
1018,-2.244046357e-19
1019,-2.244046357e-19
1020,-2.244046357e-19
1021,-2.244046357e-19
1022,-2.24463731022e-19
1023,-2.24463731022e-19
1024,-2.24463731022e-19
1025,-2.24463731022e-19
1026,-2.24463731022e-19
1027,-2.24463731022e-19
1028,-2.24463731022e-19
1029,-2.24463731022e-19
1030,-2.23670054481e-19
1031,-2.23670054481e-19
1032,-2.23670054481e-19
1033,-2.23670054481e-19
1034,-2.23670054481e-19
1035,-2.23670054481e-19
1036,-2.23670054481e-19
1037,-2.23670054481e-19
1038,-2.23670054481e-19
1039,-2.23670054481e-19
1040,-2.23670054481e-19
1041,-2.23670054481e-19
1042,-2.23670054481e-19
1043,-2.23670054481e-19
1044,-2.23670054481e-19
1045,-2.23670054481e-19
1046,-2.23670054481e-19
1047,-2.23670054481e-19
1048,-2.23670054481e-19
1049,-2.23670054481e-19
1050,-2.23670054481e-19
1051,-2.23670054481e-19
1052,-2.23670054481e-19
1053,-2.23670054481e-19
1054,-2.23670054481e-19
1055,-2.23670054481e-19
1056,-2.23670054481e-19
1057,-2.23670054481e-19
1058,-2.23670054481e-19
1059,-2.23670054481e-19
1060,-2.23670054481e-19
1061,-2.23670054481e-19
1062,-2.23670054481e-19
1063,-2.23670054481e-19
1064,-2.23670054481e-19
1065,-2.23670054481e-19
1066,-2.23670054481e-19
1067,-2.23670054481e-19
1068,-2.23670054481e-19
1069,-2.23670054481e-19
1070,-2.24463731022e-19
1071,-2.24463731022e-19
1072,-2.24463731022e-19
1073,-2.24463731022e-19
1074,-2.24463731022e-19
1075,-2.24463731022e-19
1076,-2.24463731022e-19
1077,-2.24463731022e-19
1078,-2.244046357e-19
1079,-2.244046357e-19
1080,-2.244046357e-19
1081,-2.244046357e-19
1082,-2.244046357e-19
1083,-2.244046357e-19
1084,-2.244046357e-19
1085,-2.244046357e-19
1086,-2.244046357e-19
1087,-2.244046357e-19
1088,-2.244046357e-19
1089,-2.244046357e-19
1090,-2.244046357e-19
1091,-2.244046357e-19
1092,-2.244046357e-19
1093,-2.244046357e-19
1094,-2.244046357e-19
1095,-2.244046357e-19
1096,-2.244046357e-19
1097,-2.244046357e-19
1098,-2.244046357e-19
1099,-2.244046357e-19
1100,-2.244046357e-19
1101,-2.244046357e-19
1102,-2.244046357e-19
1103,-2.244046357e-19
1104,-2.244046357e-19
1105,-2.244046357e-19
1106,-2.244046357e-19
1107,-2.244046357e-19
1108,-2.244046357e-19
1109,-2.244046357e-19
1110,-2.244046357e-19
1111,-2.244046357e-19
1112,-2.244046357e-19
1113,-2.244046357e-19
1114,-2.244046357e-19
1115,-2.244046357e-19
1116,-2.244046357e-19
1117,-2.244046357e-19
1118,-2.244046357e-19
1119,-2.244046357e-19
1120,-2.244046357e-19
1121,-2.244046357e-19
1122,-2.244046357e-19
1123,-2.244046357e-19
1124,-2.244046357e-19
1125,-2.244046357e-19
1126,-2.24346449537e-19
1127,-2.24346449537e-19
1128,-2.24346449537e-19
1129,-2.24346449537e-19
1130,-2.24346449537e-19
1131,-2.24346449537e-19
1132,-2.24346449537e-19
1133,-2.24346449537e-19
1134,-2.24346449537e-19
1135,-2.24346449537e-19
1136,-2.24346449537e-19
1137,-2.24346449537e-19
1138,-2.24346449537e-19
1139,-2.24346449537e-19
1140,-2.24346449537e-19
1141,-2.24346449537e-19
1142,-2.24346449537e-19
1143,-2.24346449537e-19
1144,-2.24346449537e-19
1145,-2.24346449537e-19
1146,-2.24346449537e-19
1147,-2.24346449537e-19
1148,-2.24346449537e-19
1149,-2.24346449537e-19
1150,-2.24346449537e-19
1151,-2.24346449537e-19
1152,-2.24346449537e-19
1153,-2.24346449537e-19
1154,-2.24346449537e-19
1155,-2.24346449537e-19
1156,-2.24346449537e-19
1157,-2.24346449537e-19
1158,-2.24346449537e-19
1159,-2.24346449537e-19
1160,-2.24346449537e-19
1161,-2.24346449537e-19
1162,-2.24346449537e-19
1163,-2.24346449537e-19
1164,-2.24346449537e-19
1165,-2.24346449537e-19
1166,-2.24346449537e-19
1167,-2.25116786959e-19
1168,-2.25116786959e-19
1169,-2.25116786959e-19
1170,-2.25116786959e-19
1171,-2.25116786959e-19
1172,-2.25116786959e-19
1173,-2.25116786959e-19
1174,-2.25116786959e-19
1175,-2.25116786959e-19
1176,-2.25116786959e-19
1177,-2.25116786959e-19
1178,-2.25116786959e-19
1179,-2.25116786959e-19
1180,-2.25116786959e-19
1181,-2.25116786959e-19
1182,-2.25116786959e-19
1183,-2.25116786959e-19
1184,-2.25116786959e-19
1185,-2.25116786959e-19
1186,-2.25116786959e-19
1187,-2.25116786959e-19
1188,-2.25116786959e-19
1189,-2.25116786959e-19
1190,-2.25116786959e-19
1191,-2.25116786959e-19
1192,-2.25116786959e-19
1193,-2.25116786959e-19
1194,-2.25116786959e-19
1195,-2.25116786959e-19
1196,-2.25116786959e-19
1197,-2.25116786959e-19
1198,-2.25116786959e-19
1199,-2.25116786959e-19
1200,-2.25116786959e-19
1201,-2.25116786959e-19
1202,-2.25054087319e-19
1203,-2.25054087319e-19
1204,-2.25054087319e-19
1205,-2.25054087319e-19
1206,-2.25054087319e-19
1207,-2.25054087319e-19
1208,-2.25054087319e-19
1209,-2.25054087319e-19
1210,-2.25054087319e-19
1211,-2.25054087319e-19
1212,-2.25054087319e-19
1213,-2.25054087319e-19
1214,-2.25054087319e-19
1215,-2.25054087319e-19
1216,-2.25054087319e-19
1217,-2.25054087319e-19
1218,-2.25054087319e-19
1219,-2.25054087319e-19
1220,-2.25054087319e-19
1221,-2.25054087319e-19
1222,-2.25054087319e-19
1223,-2.25054087319e-19
1224,-2.25054087319e-19
1225,-2.25054087319e-19
1226,-2.25054087319e-19
1227,-2.25054087319e-19
1228,-2.25054087319e-19
1229,-2.25054087319e-19
1230,-2.25054087319e-19
1231,-2.25054087319e-19
1232,-2.25054087319e-19
1233,-2.25054087319e-19
1234,-2.25054087319e-19
1235,-2.25054087319e-19
1236,-2.25054087319e-19
1237,-2.25054087319e-19
1238,-2.25054087319e-19
1239,-2.25054087319e-19
1240,-2.25054087319e-19
1241,-2.25054087319e-19
1242,-2.25054087319e-19
1243,-2.25054087319e-19
1244,-2.25054087319e-19
1245,-2.25054087319e-19
1246,-2.25054087319e-19
1247,-2.25054087319e-19
1248,-2.25054087319e-19
1249,-2.25054087319e-19
1250,-2.25054087319e-19
1251,-2.25054087319e-19
1252,-2.25054087319e-19
1253,-2.25054087319e-19
1254,-2.25054087319e-19
1255,-2.25054087319e-19
1256,-2.25054087319e-19
1257,-2.25054087319e-19
1258,-2.25054087319e-19
1259,-2.25054087319e-19
1260,-2.25054087319e-19
1261,-2.25054087319e-19
1262,-2.25054087319e-19
1263,-2.25054087319e-19
1264,-2.25054087319e-19
1265,-2.25054087319e-19
1266,-2.25054087319e-19
1267,-2.25054087319e-19
1268,-2.25054087319e-19
1269,-2.25054087319e-19
1270,-2.25054087319e-19
1271,-2.25054087319e-19
1272,-2.25054087319e-19
1273,-2.25054087319e-19
1274,-2.25054087319e-19
1275,-2.25054087319e-19
1276,-2.25054087319e-19
1277,-2.25054087319e-19
1278,-2.25054087319e-19
1279,-2.25054087319e-19
1280,-2.25054087319e-19
1281,-2.25054087319e-19
1282,-2.25054087319e-19
1283,-2.25054087319e-19
1284,-2.25054087319e-19
1285,-2.25054087319e-19
1286,-2.25054087319e-19
1287,-2.25054087319e-19
1288,-2.25054087319e-19
1289,-2.25054087319e-19
1290,-2.25054087319e-19
1291,-2.25054087319e-19
1292,-2.25054087319e-19
1293,-2.25054087319e-19
1294,-2.25054087319e-19
1295,-2.25054087319e-19
1296,-2.25054087319e-19
1297,-2.25054087319e-19
1298,-2.25054087319e-19
1299,-2.25054087319e-19
1300,-2.25054087319e-19
1301,-2.25054087319e-19
1302,-2.25054087319e-19
1303,-2.25054087319e-19
1304,-2.25054087319e-19
1305,-2.25054087319e-19
1306,-2.25054087319e-19
1307,-2.25054087319e-19
1308,-2.25054087319e-19
1309,-2.25054087319e-19
1310,-2.25054087319e-19
1311,-2.25054087319e-19
1312,-2.25054087319e-19
1313,-2.25054087319e-19
1314,-2.25054087319e-19
1315,-2.25054087319e-19
1316,-2.25054087319e-19
1317,-2.25054087319e-19
1318,-2.25054087319e-19
1319,-2.25054087319e-19
1320,-2.25054087319e-19
1321,-2.25054087319e-19
1322,-2.25054087319e-19
1323,-2.25054087319e-19
1324,-2.25054087319e-19
1325,-2.25054087319e-19
1326,-2.25054087319e-19
1327,-2.25054087319e-19
1328,-2.25054087319e-19
1329,-2.25054087319e-19
1330,-2.25054087319e-19
1331,-2.25054087319e-19
1332,-2.25054087319e-19
1333,-2.25054087319e-19
1334,-2.25054087319e-19
1335,-2.25054087319e-19
1336,-2.25054087319e-19
1337,-2.25054087319e-19
1338,-2.25054087319e-19
1339,-2.25054087319e-19
1340,-2.25054087319e-19
1341,-2.25054087319e-19
1342,-2.25054087319e-19
1343,-2.25054087319e-19
1344,-2.25054087319e-19
1345,-2.25054087319e-19
1346,-2.25054087319e-19
1347,-2.25054087319e-19
1348,-2.25054087319e-19
1349,-2.25054087319e-19
1350,-2.25054087319e-19
1351,-2.25054087319e-19
1352,-2.25054087319e-19
1353,-2.25054087319e-19
1354,-2.25054087319e-19
1355,-2.25054087319e-19
1356,-2.25054087319e-19
1357,-2.25054087319e-19
1358,-2.25054087319e-19
1359,-2.25054087319e-19
1360,-2.25054087319e-19
1361,-2.25054087319e-19
1362,-2.25054087319e-19
1363,-2.24289151713e-19
1364,-2.24289151713e-19
1365,-2.24289151713e-19
1366,-2.24289151713e-19
1367,-2.24289151713e-19
1368,-2.24289151713e-19
1369,-2.24289151713e-19
1370,-2.24289151713e-19
1371,-2.24289151713e-19
1372,-2.24289151713e-19
1373,-2.24289151713e-19
1374,-2.23512447866e-19
1375,-2.227237021e-19
1376,-2.227237021e-19
1377,-2.22769665128e-19
1378,-2.22769665128e-19
1379,-2.23670054481e-19
1380,-2.23670054481e-19
1381,-2.23670054481e-19
1382,-2.23670054481e-19
1383,-2.23724257814e-19
1384,-2.23724257814e-19
1385,-2.23724257814e-19
1386,-2.22086574041e-19
1387,-2.22086574041e-19
1388,-2.22086574041e-19
1389,-2.21247760402e-19
1390,-2.21283886024e-19
1391,-2.21283886024e-19
1392,-2.21283886024e-19
1393,-2.21283886024e-19
1394,-2.21283886024e-19
1395,-2.20454441739e-19
1396,-2.19573717285e-19
1397,-2.18678065298e-19
1398,-2.17767103021e-19
1399,-2.17767103021e-19
